command_count,session_duration_seconds,failed_login_attempts,unique_commands,login_attempts,files_accessed,suspicious_command_count,port_number,canary_triggered,bytes_sent,bytes_received,actual_label,predicted_anomaly,threat_score,threat_level
16,265,2,12,3,3,3,22,0,4934,7355,0,1,41.98,Medium
20,180,2,6,4,3,1,80,0,4363,65560,0,1,41.4,Medium
24,145,3,6,6,6,2,80,0,3477,22088,0,1,40.3,Medium
17,143,5,10,5,1,1,22,0,3329,6741,0,1,40.46,Medium
14,114,4,8,4,6,1,80,0,1988,874,0,1,39.64,Medium
15,181,4,10,4,1,3,443,0,1204,11975,0,1,43.31,Medium
18,128,1,5,4,3,2,80,0,865,2439,0,1,40.4,Medium
24,60,6,7,4,3,1,80,0,2681,83080,0,1,47.65,Medium
20,96,5,7,10,4,2,443,0,657,13988,0,1,45.22,Medium
21,92,3,12,4,3,7,443,0,4927,7158,0,1,49.58,Medium
20,165,2,5,3,6,0,22,0,4697,32747,0,1,42.07,Medium
18,90,2,9,14,4,1,80,0,2300,2764,0,1,45.62,Medium
20,217,2,14,4,5,3,80,0,1273,5850,0,1,42.42,Medium
24,289,2,9,2,2,2,22,0,19260,25585,0,1,45.76,Medium
20,241,5,6,6,4,1,443,0,2228,12815,0,1,42.13,Medium
18,81,5,7,2,5,3,22,0,8166,36691,0,1,43.52,Medium
19,97,7,14,5,6,1,443,0,4123,76075,0,-1,52.24,Medium
21,42,3,8,4,10,1,22,0,1089,559,1,1,44.83,Medium
19,489,1,6,5,2,3,22,0,2601,3254,0,1,43.21,Medium
22,174,5,9,5,3,0,22,0,2025,6424,0,1,41.06,Medium
16,215,2,10,5,6,1,22,0,243,22415,0,1,40.12,Medium
14,295,4,8,3,3,2,22,0,365,19285,1,1,39.88,Medium
20,106,1,6,6,4,1,80,0,3674,20715,0,1,40.39,Medium
12,227,5,10,1,3,5,22,0,25039,9380,1,-1,51.86,Medium
25,248,3,8,8,5,0,443,0,2766,13273,0,1,46,Medium
19,82,1,6,12,0,1,443,0,3690,6268,0,-1,50.13,Medium
20,116,1,7,3,4,4,22,0,4080,1433,0,1,41.19,Medium
17,458,2,16,3,2,1,80,0,1216,4927,0,1,47.63,Medium
19,236,3,6,3,3,2,22,0,7989,21620,0,1,38.82,Medium
14,154,4,7,7,3,0,443,0,13486,6691,0,1,45.47,Medium
18,204,3,7,1,8,1,443,0,1636,2004,0,1,45.93,Medium
16,104,2,12,5,3,4,8080,0,527,59200,0,-1,57.92,Medium
15,404,4,8,7,6,2,22,0,1690,21017,1,1,40.93,Medium
22,293,2,7,6,6,1,80,0,3426,100477,0,1,45.05,Medium
20,163,8,9,5,3,2,443,0,1595,1903,0,1,46.91,Medium
19,213,2,4,6,3,2,22,0,6191,2456,0,1,39.38,Medium
23,91,4,5,3,4,0,22,0,2356,9468,0,1,41.29,Medium
13,191,2,9,6,4,1,443,0,3020,7838,0,1,40.94,Medium
23,133,3,8,5,1,1,8080,0,3109,4558,0,-1,53.31,Medium
16,530,1,7,4,7,0,80,0,3454,3690,0,1,45.6,Medium
16,181,3,8,5,5,2,443,0,1041,911,0,1,40.64,Medium
24,144,3,9,3,4,1,80,0,1711,5147,0,1,39.55,Medium
19,349,1,7,2,2,5,22,0,13354,14852,0,1,46.53,Medium
25,104,4,10,7,0,2,22,0,1438,4163,1,1,44.14,Medium
19,67,3,8,5,1,2,22,0,16109,8924,0,1,41.44,Medium
19,427,0,12,5,6,2,22,0,6558,20170,0,1,45.89,Medium
14,254,1,6,7,6,0,22,0,1676,60290,0,1,46.58,Medium
28,141,4,10,5,5,1,22,0,6955,3426,0,1,43.22,Medium
17,286,1,7,3,3,1,22,0,442,2261,0,1,40.63,Medium
22,497,1,8,6,4,1,22,0,5223,67025,0,1,47.79,Medium
10,76,2,6,3,0,3,22,0,1336,7550,0,1,46.16,Medium
15,256,3,6,9,4,0,80,0,17497,330,0,1,44.94,Medium
12,404,4,6,2,5,2,22,0,1852,655,0,1,43,Medium
19,148,1,11,7,3,2,8080,0,1967,1651,0,-1,53.36,Medium
20,228,5,13,3,4,3,443,0,25934,12711,0,-1,51.35,Medium
9,392,3,2,6,5,4,22,0,3510,26078,0,1,48.72,Medium
19,280,2,10,5,8,2,80,0,8251,7008,0,1,41.38,Medium
21,122,3,6,7,3,1,80,0,509,6441,1,1,39.62,Medium
16,257,2,11,3,6,5,22,0,1476,11683,0,1,43.84,Medium
27,222,4,12,3,5,0,8080,0,2079,2027,0,-1,56.8,Medium
17,169,3,10,4,2,0,443,0,2849,11936,0,1,42.49,Medium
23,253,2,9,5,6,3,22,0,2195,3254,0,1,39.84,Medium
8,62,0,2,2,1,2,22,0,4274,6705,0,-1,52.54,Medium
17,432,1,6,8,3,0,22,0,4565,1266,0,1,44.83,Medium
21,219,6,6,6,8,2,22,0,1373,17612,1,1,42.79,Medium
16,80,3,12,10,3,2,22,0,4964,18862,0,1,44.08,Medium
15,242,3,2,2,2,4,22,0,1855,104166,0,-1,50.12,Medium
19,223,4,12,8,3,2,80,0,6484,16105,1,1,41.28,Medium
11,194,1,8,5,3,1,80,0,1842,7342,0,1,41.09,Medium
13,415,6,7,6,4,3,22,0,15478,23724,0,1,46.44,Medium
17,14,3,13,5,3,4,22,0,1602,25199,0,1,45.7,Medium
19,267,3,6,4,2,0,22,0,1866,1649,0,1,39.97,Medium
22,130,4,8,7,1,1,80,0,604,20034,0,1,41.54,Medium
21,54,6,10,5,5,2,22,0,4524,12798,0,1,42.69,Medium
17,119,3,5,8,4,5,22,0,1839,5053,0,1,43.37,Medium
19,297,1,10,4,1,2,22,0,6532,1072,0,1,42.67,Medium
16,92,2,7,3,4,1,80,0,920,7590,0,1,39.27,Medium
20,54,7,7,5,4,1,443,0,11134,4050,0,1,46.11,Medium
21,98,1,8,6,5,3,80,0,3117,7954,0,1,40.75,Medium
16,172,0,5,4,3,0,443,0,2568,19742,0,1,46.27,Medium
16,224,5,7,7,2,1,22,0,5531,146156,0,1,48.08,Medium
16,133,3,6,11,2,0,443,0,2929,15258,0,1,47.72,Medium
23,140,2,9,9,4,0,80,0,8447,25189,0,1,44.06,Medium
14,373,1,7,7,1,3,80,0,7913,2756,0,1,45.43,Medium
13,135,4,7,5,4,4,22,0,3923,2610,1,1,39.9,Medium
14,414,4,10,6,3,3,22,0,779,4968,0,1,41.45,Medium
28,324,7,5,5,6,2,80,0,3117,64508,1,-1,51.63,Medium
20,699,1,4,13,3,2,22,0,3421,23830,0,-1,52.44,Medium
18,139,5,10,6,2,2,22,0,1701,2726,0,1,39.34,Medium
23,131,3,7,7,6,3,22,0,2253,2678,0,1,39.94,Medium
17,249,3,8,4,3,5,22,0,1500,6804,0,1,41.62,Medium
10,163,2,10,3,4,1,22,0,5044,3976,0,1,41.94,Medium
19,8,3,7,5,4,2,8080,0,3201,2043,0,-1,52.2,Medium
17,325,3,3,5,2,1,443,0,11618,8621,0,1,44.52,Medium
13,335,1,12,5,2,0,22,0,4655,46795,0,1,46.45,Medium
17,283,2,5,6,6,0,22,1,2006,1181,1,-1,52.94,Medium
23,334,2,7,5,3,2,22,0,5865,2677,1,1,39.32,Medium
13,152,2,8,6,7,3,80,0,15145,23073,0,1,42.33,Medium
20,304,3,5,6,5,2,443,0,1447,13403,1,1,41.14,Medium
21,47,6,7,5,2,3,443,0,2297,17104,0,1,45.95,Medium
15,196,4,8,2,4,1,22,0,961,6495,0,1,39.73,Medium
26,552,0,10,6,7,1,22,0,2327,109328,0,-1,54.25,Medium
16,87,2,9,5,1,4,22,0,1021,27270,1,1,42.54,Medium
12,280,1,7,5,7,2,22,0,1937,15170,0,1,41.52,Medium
23,484,3,7,2,5,2,22,0,35805,10333,0,-1,51.18,Medium
15,197,2,7,6,4,0,80,0,6549,2760,0,1,40.49,Medium
21,73,2,9,4,5,2,22,0,6102,10193,1,1,39.25,Medium
22,215,5,4,4,2,0,22,0,2681,2346,0,1,42.33,Medium
20,150,1,10,4,6,2,443,0,3804,823,0,1,42.73,Medium
15,326,1,4,5,3,6,22,0,2220,12644,0,1,47.25,Medium
18,469,4,9,4,4,2,22,0,73139,6182,0,-1,51.88,Medium
22,65,4,7,4,2,3,22,0,250,5000,1,1,39.76,Medium
4,313,2,6,8,4,2,443,0,3857,4539,0,1,46.76,Medium
21,69,3,5,1,2,1,80,0,6872,22607,0,1,42.61,Medium
17,185,3,6,8,2,2,22,0,1612,47105,0,1,41.28,Medium
21,72,3,7,4,2,3,22,0,11951,35114,0,1,42.37,Medium
20,394,3,9,7,5,2,443,0,1731,6235,0,1,42.59,Medium
15,347,3,11,6,5,3,22,0,654,52283,0,1,44.07,Medium
16,317,1,13,5,3,2,22,0,21580,3805,0,1,46.11,Medium
23,287,4,11,7,5,2,22,0,441,41758,0,1,44.64,Medium
19,127,2,10,3,6,4,80,0,1425,1161,0,1,41.25,Medium
20,222,2,11,3,6,3,80,0,2734,9714,1,1,40.76,Medium
18,271,2,9,4,4,4,80,0,4281,1502,1,1,40.63,Medium
24,231,2,7,8,7,2,80,1,4478,22222,1,-1,53.92,Medium
19,423,1,11,2,3,1,22,0,2221,47784,0,1,44.67,Medium
12,296,3,8,6,5,1,22,0,2049,20031,0,1,40.13,Medium
15,68,1,10,7,5,0,443,0,4128,737,0,1,46.76,Medium
20,177,1,8,2,8,3,443,0,3489,1297,0,1,46.19,Medium
16,125,3,7,5,2,1,22,0,6154,1384,0,1,38.38,Medium
20,355,3,9,3,4,2,80,0,947,1588,0,1,39.91,Medium
14,142,3,6,4,4,2,80,0,2587,26234,1,1,39.07,Medium
16,159,1,7,3,6,3,22,0,6002,2167,0,1,41.74,Medium
20,109,3,6,9,3,0,22,0,839,10836,0,1,42.04,Medium
17,557,5,12,8,5,1,22,0,358,55814,0,1,48.68,Medium
13,296,1,8,6,6,0,22,0,628,3764,0,1,42.46,Medium
20,64,6,8,4,6,1,80,0,2193,2457,1,1,42.32,Medium
16,211,4,6,4,5,1,80,0,4193,3428,0,1,38.38,Medium
19,84,3,5,3,6,2,22,0,1583,3597,0,1,39.48,Medium
20,231,4,9,6,2,3,22,0,589,317,0,1,40.19,Medium
18,143,0,8,2,5,1,8080,0,5747,2866,0,-1,56.67,Medium
14,145,7,8,7,3,0,22,0,4908,14930,0,1,45.74,Medium
24,328,4,9,1,5,0,22,0,3250,3507,0,1,44.28,Medium
15,180,8,6,5,6,2,22,0,3084,125559,0,-1,51.72,Medium
13,253,4,9,8,2,3,22,0,2663,101098,0,1,47.11,Medium
17,285,0,10,9,2,0,80,0,5263,26513,0,1,48.68,Medium
22,41,1,7,6,1,4,80,0,8647,2138,0,1,45.84,Medium
17,121,4,14,5,2,2,80,0,2472,2272,0,1,43.15,Medium
21,513,4,8,4,1,3,80,0,10549,16744,0,1,44.7,Medium
21,235,4,4,5,2,2,80,0,913,6884,0,1,39.75,Medium
22,215,2,9,8,4,3,22,0,11870,14764,0,1,41.12,Medium
27,47,1,8,5,2,3,443,0,6025,9328,0,1,47.82,Medium
19,456,5,8,5,5,3,22,0,5135,19579,0,1,41.83,Medium
15,364,2,3,4,1,0,22,0,3551,103997,0,1,47.93,Medium
19,395,3,6,3,6,2,22,0,1031,5543,0,1,40.01,Medium
16,130,5,9,2,5,3,80,0,1345,6756,0,1,41.14,Medium
18,200,2,6,4,8,2,22,0,5814,13926,0,1,40.77,Medium
20,107,4,7,5,4,1,22,0,791,8074,1,1,38.33,Medium
16,244,0,8,2,4,0,22,0,1186,2312,0,1,45.38,Medium
16,153,2,14,4,3,1,80,0,841,8165,1,1,43.03,Medium
26,380,7,5,2,4,0,22,0,1545,36070,0,-1,52.33,Medium
16,322,3,9,4,7,2,22,1,427,16533,1,-1,51.45,Medium
14,126,5,4,5,2,0,22,0,1500,9742,0,1,41.8,Medium
23,178,3,6,2,2,3,22,0,5163,6633,0,1,40.95,Medium
10,122,1,7,6,5,3,80,0,2985,1407,0,1,43.6,Medium
21,171,1,5,7,4,1,22,0,4990,12506,0,1,41.49,Medium
20,77,2,5,5,7,2,443,0,3924,2265,0,1,42.28,Medium
22,436,4,13,6,4,1,80,0,2531,35031,1,1,44.26,Medium
18,268,2,4,3,4,0,80,0,952,14071,0,1,42.15,Medium
13,49,4,9,8,5,2,22,0,18242,23364,1,1,43.99,Medium
18,130,3,10,6,4,1,22,0,4106,43657,0,1,41.08,Medium
13,84,3,2,1,1,3,22,0,9480,19718,0,1,47.98,Medium
10,257,5,6,6,3,3,22,0,236,25639,0,1,43.22,Medium
18,181,5,9,4,4,0,22,0,940,1386,0,1,41.06,Medium
15,517,1,5,5,5,4,8080,0,16707,11316,0,-1,59.34,Medium
22,384,5,5,4,7,3,80,0,245,9078,0,1,43.56,Medium
19,74,4,10,5,3,0,8080,0,48705,5675,0,-1,59.79,Medium
15,160,2,11,4,4,1,22,0,1040,9852,0,1,39.13,Medium
22,35,3,10,6,3,0,22,0,2757,15011,0,1,41.74,Medium
17,591,5,8,3,2,3,80,0,901,3226,0,1,45.12,Medium
17,301,2,7,7,4,1,22,0,1364,30421,0,1,40.52,Medium
17,233,6,7,3,2,1,22,0,1212,17168,0,1,41.27,Medium
16,264,3,4,2,2,3,22,0,2949,4249,0,1,41.15,Medium
24,153,3,11,1,2,3,22,0,822,2543,0,1,44.37,Medium
22,73,2,8,6,2,1,80,0,218,11002,0,1,40.26,Medium
26,101,3,7,4,2,0,80,0,4790,64926,0,1,45.87,Medium
20,231,4,11,5,3,0,22,0,9240,3167,0,1,41.8,Medium
20,149,6,9,6,6,0,22,0,4839,6423,0,1,42.8,Medium
13,97,2,3,2,5,3,22,0,7401,48957,0,1,46.59,Medium
20,89,5,7,6,5,0,22,0,1265,4670,0,1,40.45,Medium
15,36,3,17,7,2,2,80,0,4723,15388,0,1,47.92,Medium
10,178,2,4,4,5,3,80,0,4237,6654,0,1,43.32,Medium
15,192,3,10,2,3,1,80,0,1595,39064,0,1,41.91,Medium
23,149,2,13,6,6,1,22,0,14198,19151,0,1,43.2,Medium
17,216,2,11,8,5,3,80,0,858,6034,0,1,41.5,Medium
18,736,2,9,2,2,1,80,0,490,7624,0,1,46.45,Medium
20,123,1,7,2,2,1,80,0,1381,3802,0,1,41.61,Medium
20,169,3,12,4,2,4,80,0,659,2902,0,1,42.54,Medium
17,415,2,6,7,5,1,443,0,2139,17636,0,1,43.14,Medium
10,296,3,8,3,5,2,22,0,600,26757,0,1,43.12,Medium
13,554,4,9,8,6,2,22,0,1338,119991,0,-1,51,Medium
15,385,5,7,7,3,1,443,0,592,16038,0,1,44.12,Medium
25,126,3,7,7,5,3,22,0,237,10937,0,1,41.9,Medium
10,267,2,9,6,5,0,22,0,776,39341,0,1,44.7,Medium
17,380,4,7,4,8,0,22,0,8578,4187,0,1,43.71,Medium
11,419,3,6,8,4,3,22,0,2348,4713,0,1,44.31,Medium
18,106,6,8,3,3,3,22,0,3732,2430,0,1,42.2,Medium
24,112,3,11,7,7,2,22,0,846,14903,1,1,42.25,Medium
16,166,8,10,4,3,1,22,0,7976,18584,1,1,45.78,Medium
17,329,2,8,3,2,3,22,0,4762,21177,0,1,40.74,Medium
25,287,5,8,2,7,2,80,0,1068,13317,0,1,44.7,Medium
19,86,7,13,3,2,2,80,0,1714,26759,0,1,48.64,Medium
16,16,5,6,3,7,1,22,0,7026,11424,0,1,43.6,Medium
10,39,3,14,4,2,4,80,1,505,44260,1,-1,61.16,High
26,49,3,9,1,3,3,22,0,3295,10123,0,1,44.52,Medium
15,426,4,12,6,5,2,22,0,2003,11191,0,1,40.98,Medium
15,128,3,4,3,2,1,22,0,5752,1074,0,1,39.98,Medium
15,499,7,9,4,9,3,8080,0,9389,3417,1,-1,61.26,High
16,343,5,9,5,1,2,22,0,8556,2547,1,1,41.46,Medium
19,585,9,9,2,6,2,443,0,1284,4854,0,-1,52.29,Medium
21,232,2,14,4,4,1,443,0,5844,80218,0,1,49.12,Medium
22,224,5,6,6,2,1,22,0,1524,2182,0,1,39.35,Medium
25,434,1,7,8,9,1,22,0,962,8294,0,1,48.95,Medium
10,159,3,9,8,2,2,80,0,4414,20809,0,1,42.7,Medium
12,51,3,9,6,3,1,80,0,334,13060,0,1,41.58,Medium
28,112,1,6,4,5,2,22,0,1192,5644,0,1,44.41,Medium
23,168,1,1,8,4,0,22,0,944,28866,0,1,46.57,Medium
20,160,4,5,6,6,1,443,0,688,17681,0,1,42.25,Medium
12,663,2,10,13,2,1,22,0,2210,7604,0,-1,52.99,Medium
18,423,0,7,2,3,2,443,0,880,877,0,1,47.65,Medium
16,211,4,7,4,4,1,22,0,3930,12806,0,1,38.07,Medium
26,69,4,6,3,7,1,22,1,2543,29399,1,-1,54.53,Medium
17,31,5,8,3,1,3,8080,0,1081,10734,1,-1,56.87,Medium
15,99,3,8,5,3,3,443,0,36498,865,0,-1,51.12,Medium
13,217,3,13,2,3,2,22,0,4338,3223,0,1,42.33,Medium
15,180,1,4,4,4,4,80,0,5471,15454,0,1,42.71,Medium
16,119,4,11,1,5,1,22,0,10707,5259,0,1,44.18,Medium
17,165,3,5,7,3,4,22,0,2131,56481,0,1,44.27,Medium
35,543,5,11,8,5,0,22,0,6893,9130,1,-1,51.01,Medium
19,75,5,11,5,5,2,22,0,10666,3583,0,1,41.33,Medium
19,539,6,10,7,1,2,22,0,1450,12010,0,1,45.95,Medium
18,62,1,8,3,3,2,443,0,6353,4230,0,1,43.1,Medium
13,129,5,3,5,4,2,443,0,15132,1111,0,1,45.87,Medium
19,195,2,3,6,5,1,22,0,902,4913,0,1,40.44,Medium
16,511,4,8,4,2,2,22,0,1460,21324,0,1,41.03,Medium
20,139,0,6,5,3,3,80,0,5406,3925,0,1,43.47,Medium
21,199,3,9,2,7,2,443,0,7263,6414,0,1,44.31,Medium
16,130,3,8,7,4,1,22,0,24288,13447,0,1,43.88,Medium
20,96,3,7,3,3,2,22,0,11979,14257,0,1,39.31,Medium
20,55,5,12,5,7,2,22,0,3280,987,0,1,42.67,Medium
21,49,5,9,9,2,1,22,0,2209,5767,0,1,42.8,Medium
18,281,0,8,5,5,1,80,0,2218,41574,0,1,45,Medium
20,334,0,5,2,4,3,443,0,3754,35518,0,1,48.58,Medium
21,175,1,9,7,5,1,22,0,2614,884,0,1,41.2,Medium
15,351,3,8,10,4,1,443,0,10026,9876,0,1,46.45,Medium
20,313,5,8,3,3,3,443,0,7748,8591,0,1,43.97,Medium
8,107,4,6,4,10,2,22,0,2459,4755,0,1,46.34,Medium
19,191,4,9,7,4,2,443,0,2458,35827,0,1,42.72,Medium
21,147,5,7,3,4,2,8080,0,8823,10354,0,-1,53.53,Medium
23,177,4,4,6,4,0,22,0,2283,6676,0,1,41.25,Medium
16,136,5,8,9,5,3,443,0,3066,5186,0,1,43.67,Medium
27,33,4,10,4,5,1,22,0,1935,604,0,1,43.87,Medium
18,114,3,9,7,5,2,22,0,779,5628,0,1,38.79,Medium
19,216,2,7,5,4,0,22,0,1609,36350,0,1,40.71,Medium
17,105,4,7,3,4,4,80,0,943,5020,0,1,39.86,Medium
21,125,5,4,3,3,2,22,0,468,2719,0,1,40.48,Medium
16,562,2,7,4,4,1,443,0,8856,14663,0,1,44.9,Medium
18,268,5,5,6,5,1,22,0,3675,4017,1,1,39.29,Medium
17,511,1,10,4,6,2,22,0,894,5153,0,1,42.74,Medium
13,21,1,7,6,3,1,22,0,4697,40128,0,1,44.25,Medium
18,261,3,8,4,5,0,80,0,613,2117,0,1,40.2,Medium
15,105,3,11,3,10,4,22,0,255,10764,0,1,47.29,Medium
16,78,5,8,8,1,0,80,0,4285,1594,0,1,44.32,Medium
16,64,2,7,4,7,4,443,1,28185,57110,1,-1,62.05,High
16,225,3,7,5,9,3,80,0,731,7580,1,1,42.81,Medium
12,116,5,5,3,2,1,80,0,3741,2951,0,1,41.69,Medium
17,314,4,9,2,5,2,22,0,2194,24660,0,1,40.28,Medium
17,346,2,10,3,9,1,22,0,7092,148621,0,-1,54.42,Medium
14,82,3,5,4,4,2,8080,0,2017,1998,0,-1,51.71,Medium
11,102,2,8,6,5,4,22,0,2191,60094,0,1,45.26,Medium
26,354,10,7,6,5,0,22,0,6533,3515,1,-1,51.17,Medium
18,169,4,6,5,3,1,8080,0,2436,9480,0,-1,50.13,Medium
13,144,2,8,11,1,2,22,0,4122,8735,0,1,44.63,Medium
20,236,3,11,3,4,1,22,0,726,10579,0,1,40.07,Medium
13,238,1,14,6,2,0,443,0,13247,7315,0,-1,50.3,Medium
19,238,6,3,6,1,3,22,0,2221,7970,0,1,44.68,Medium
14,107,1,9,2,4,2,22,0,10631,3032,0,1,42.28,Medium
17,129,3,9,4,5,0,22,0,9447,1480,0,1,40.46,Medium
18,35,3,6,3,2,1,22,0,3584,5384,0,1,39.68,Medium
20,193,4,11,9,2,3,443,0,818,45858,1,1,47.89,Medium
20,579,4,9,3,5,2,22,0,7746,2076,0,1,42.37,Medium
17,95,1,2,6,5,1,8080,0,4189,38206,0,-1,56.41,Medium
24,160,2,14,6,3,1,22,0,10688,708,0,1,45.53,Medium
15,409,7,4,10,5,3,22,0,9047,6271,0,-1,50.71,Medium
17,187,0,6,1,6,5,80,0,8801,6001,0,1,49.72,Medium
12,335,3,4,1,6,0,22,0,5941,32384,0,1,47.03,Medium
25,377,1,6,8,1,0,443,0,4304,10973,0,-1,51.04,Medium
11,192,4,11,7,3,2,22,0,3293,5457,0,1,41.68,Medium
12,249,2,3,3,5,1,80,0,980,2498,0,1,43.08,Medium
18,116,1,4,8,8,3,22,0,1095,14700,0,1,46.12,Medium
22,357,3,7,1,3,2,80,0,2772,29389,0,1,42.37,Medium
27,202,0,11,3,5,4,22,0,3053,64619,0,-1,52.19,Medium
24,424,4,8,5,8,1,22,0,5652,24986,0,1,43.79,Medium
22,159,1,5,1,5,2,80,0,3975,440,0,1,43.4,Medium
18,509,1,8,3,5,0,22,0,1332,3267,0,1,44.9,Medium
20,144,5,9,6,6,5,80,0,8758,105459,0,-1,50.27,Medium
14,195,3,6,8,1,2,22,0,7072,4301,0,1,41.5,Medium
14,93,1,7,9,5,1,22,0,1270,26977,0,1,43.06,Medium
26,146,7,6,3,3,0,22,0,2867,12169,0,1,48.23,Medium
18,71,1,12,5,2,4,22,0,1982,6326,0,1,43.07,Medium
23,417,3,6,5,5,1,443,0,2503,23148,0,1,43.1,Medium
13,111,5,7,9,6,2,22,0,2308,4609,1,1,41.49,Medium
25,314,2,6,7,2,0,22,0,4317,9050,0,1,44.07,Medium
24,88,3,14,3,4,0,80,0,11476,2829,0,1,47.47,Medium
16,27,2,6,6,7,2,8080,0,4444,2390,0,-1,52.54,Medium
15,70,3,6,5,6,0,22,0,1034,3016,0,1,40.6,Medium
16,50,6,6,5,4,6,22,0,2794,12405,0,1,47.48,Medium
16,221,4,6,3,0,3,443,0,2498,5976,0,1,44.39,Medium
16,336,4,12,4,10,5,22,1,6098,467,1,-1,59.43,Medium
16,397,1,4,7,3,1,22,0,2846,34938,0,1,44.4,Medium
17,139,0,9,2,4,1,443,0,2098,29883,0,1,46.29,Medium
22,289,2,3,5,8,2,22,1,1697,23842,1,-1,54.47,Medium
23,214,5,6,6,2,2,22,0,1818,18897,0,1,39.71,Medium
17,92,6,14,6,2,2,8080,0,1302,7164,0,-1,57.25,Medium
17,177,2,6,8,2,1,22,0,23716,4607,0,1,44.66,Medium
20,200,4,14,4,3,2,22,0,4828,2506,1,1,42.01,Medium
16,245,3,8,9,3,3,80,0,2256,37621,0,1,42.83,Medium
19,304,5,9,5,7,3,22,0,199,39767,0,1,43.86,Medium
10,176,4,8,10,3,6,443,0,1103,22090,0,-1,52.16,Medium
17,275,3,7,7,6,2,443,0,1450,23255,0,1,41.65,Medium
17,202,3,9,3,8,3,22,0,3596,23361,0,1,41.35,Medium
28,415,4,9,3,3,1,443,0,7498,3314,0,1,47.89,Medium
17,429,4,10,8,5,2,443,0,4564,41426,0,1,45.89,Medium
14,386,4,7,8,2,6,22,0,1121,4716,0,1,47.31,Medium
14,147,1,6,4,2,2,443,0,2071,1110,0,1,41.97,Medium
22,342,3,9,5,5,2,22,0,16634,7228,0,1,41.24,Medium
23,545,0,6,7,2,0,22,0,5548,79016,0,-1,53.88,Medium
16,95,1,6,5,6,1,22,0,955,2124,0,1,40.53,Medium
24,429,3,9,6,6,2,8080,0,440,13380,0,-1,54.2,Medium
17,306,6,9,8,4,2,22,0,19592,11853,0,1,44.79,Medium
25,64,5,6,6,4,3,443,0,4548,7593,0,1,45.11,Medium
12,807,0,6,3,4,1,22,0,1265,9439,0,1,48.59,Medium
14,298,1,5,4,2,3,22,0,603,32320,0,1,43.58,Medium
18,264,1,12,3,5,0,443,0,1644,7232,0,1,46.62,Medium
21,15,1,9,5,6,3,8080,0,291,2626,0,-1,56.72,Medium
17,78,5,14,5,1,2,22,0,796,3071,0,1,45.11,Medium
22,141,9,14,4,3,4,22,0,2943,31510,1,-1,52.1,Medium
14,367,4,5,4,5,1,22,0,5269,12102,0,1,40.04,Medium
9,244,0,8,7,3,2,443,0,12060,33512,0,-1,51.05,Medium
18,149,4,5,3,5,2,443,0,2597,2554,0,1,41.07,Medium
22,310,6,6,4,3,1,22,0,2204,2221,0,1,41.17,Medium
21,143,3,5,4,1,1,8080,1,8272,7792,1,-1,61.27,High
22,409,2,11,5,5,5,22,0,1534,6776,0,1,44.04,Medium
19,351,1,5,5,1,1,80,0,8220,4613,0,1,43.17,Medium
17,26,1,8,7,3,3,22,0,8759,33733,0,1,44.86,Medium
21,214,1,6,8,5,2,22,0,1396,14378,0,1,41.47,Medium
7,338,5,9,5,4,0,22,0,1004,10416,0,1,46.23,Medium
23,126,0,11,3,1,1,22,0,11319,1126,0,1,48.27,Medium
11,156,6,8,12,1,4,22,0,1561,15483,1,-1,52.63,Medium
19,205,2,11,2,3,2,22,0,4632,176301,0,1,49.21,Medium
18,110,3,7,7,8,2,22,0,8370,4541,0,1,41.43,Medium
18,166,6,7,3,2,1,22,0,7082,1901,0,1,40.8,Medium
21,156,3,7,1,1,2,22,0,9345,6047,0,1,42.45,Medium
13,214,1,6,2,4,5,80,0,12576,18636,0,1,45.61,Medium
21,105,1,7,5,2,2,22,0,4365,15968,0,1,40.04,Medium
23,375,6,11,3,4,0,22,0,3620,1078,0,1,47.18,Medium
18,203,3,9,4,3,2,80,0,1654,1092,0,1,38.02,Medium
16,52,2,7,6,6,4,22,0,3880,13819,0,1,41.6,Medium
16,355,1,9,3,4,0,22,0,6109,2592,0,1,43.01,Medium
18,125,6,10,4,2,1,80,0,3091,3042,0,1,41.82,Medium
24,194,1,12,14,3,2,22,0,1097,15499,0,1,49.03,Medium
16,300,4,12,2,4,1,80,0,3226,1893,0,1,42.23,Medium
10,60,5,11,8,4,0,80,0,9758,6406,0,1,47.71,Medium
26,286,2,10,4,2,1,22,0,9770,20551,0,1,42.89,Medium
8,378,2,5,5,4,4,80,1,9494,4181,1,-1,57.25,Medium
20,59,3,7,2,1,1,22,0,16008,21807,0,1,44.33,Medium
18,408,5,10,11,5,3,80,0,4308,23642,0,1,48.03,Medium
16,227,7,10,6,3,5,80,0,2218,5784,0,1,46.67,Medium
19,29,0,12,5,2,0,22,0,1341,3382,0,1,46.39,Medium
12,60,5,10,3,3,1,22,0,37644,4770,1,-1,50.29,Medium
19,94,3,8,6,3,1,22,0,3729,12367,0,1,38.24,Medium
24,333,5,5,5,4,2,22,0,4687,11621,0,1,41.25,Medium
21,585,0,8,6,7,4,22,0,912,16449,1,1,49.31,Medium
19,37,3,8,5,4,2,80,0,853,1354,0,1,39.89,Medium
9,182,3,12,7,4,1,22,0,1363,4420,0,1,42.84,Medium
19,239,3,8,3,4,3,443,0,3381,16512,0,1,41.61,Medium
16,438,2,9,3,4,3,80,0,1454,108922,0,1,46.8,Medium
25,146,2,11,8,3,4,22,0,10020,9221,0,1,45.73,Medium
22,34,2,6,4,4,2,22,0,14665,25297,0,1,41.68,Medium
17,176,3,4,4,4,3,22,0,1846,3102,0,1,39.06,Medium
28,245,3,8,4,6,0,80,0,5556,4425,0,1,45.25,Medium
16,69,4,8,5,3,2,22,0,2409,7793,0,1,38.16,Medium
18,245,3,5,6,3,1,22,0,1764,20924,0,1,38.82,Medium
18,600,1,7,8,2,5,22,0,10587,6086,0,-1,50.03,Medium
23,276,5,4,5,2,2,22,0,2441,1412,0,1,40.8,Medium
18,300,4,15,4,4,1,80,0,13250,4629,0,1,44.07,Medium
15,104,4,11,3,4,1,80,0,5847,2750,1,1,41.12,Medium
14,7,6,7,4,2,2,80,0,323,6028,0,1,44.52,Medium
20,176,2,9,7,4,2,443,0,452,4893,0,1,42.03,Medium
14,224,0,9,5,4,3,22,0,1598,4142,0,1,42.68,Medium
21,201,3,7,5,6,2,22,0,5062,5187,1,1,37.97,Medium
24,133,4,4,6,4,3,22,0,2606,9021,0,1,40.46,Medium
21,213,4,7,5,6,1,443,0,3464,12117,0,1,41.11,Medium
19,177,2,11,8,4,3,22,0,769,5900,1,1,40.95,Medium
13,218,10,9,2,4,2,80,0,9254,14615,1,1,48.78,Medium
25,357,0,9,2,2,3,22,0,566,1567,0,1,49.52,Medium
5,247,1,6,1,4,3,22,0,5622,10033,0,1,47.44,Medium
17,380,3,11,8,2,0,22,0,1437,6511,0,1,43.06,Medium
22,93,4,12,6,3,3,22,0,549,13585,0,1,40.9,Medium
14,140,2,6,4,2,2,22,0,3890,48467,0,1,40.15,Medium
15,190,3,9,3,4,2,22,0,1124,3799,0,1,38.2,Medium
17,180,2,10,4,6,4,22,0,11801,962,0,1,42.32,Medium
20,247,1,10,9,8,3,22,0,2104,7337,0,1,44.12,Medium
28,163,1,10,6,6,2,22,0,1779,1104,0,1,44.66,Medium
13,209,4,3,7,4,0,22,0,1719,3842,0,1,43.27,Medium
20,461,3,9,12,9,3,443,0,4652,5140,0,-1,52.57,Medium
19,143,3,4,5,1,2,22,0,2317,19197,0,1,40.04,Medium
14,111,4,3,4,6,1,443,0,4745,20942,0,1,44.37,Medium
15,121,4,10,2,7,2,443,0,5645,20647,0,1,44.52,Medium
20,99,2,11,5,5,1,22,0,5714,35051,0,1,41.66,Medium
17,391,1,9,8,3,1,22,0,2851,2442,0,1,42.11,Medium
12,331,0,5,1,2,3,22,1,1321,3285,1,-1,58.55,Medium
9,157,3,8,5,3,0,80,0,1123,12539,0,1,42.69,Medium
18,266,1,17,8,2,2,443,0,8001,2818,0,1,49.97,Medium
21,254,1,2,8,4,3,22,0,2186,49725,0,1,48.03,Medium
17,355,3,5,1,5,3,80,0,7111,54640,0,1,45.29,Medium
17,425,2,11,6,5,1,22,0,18564,5950,0,1,43.98,Medium
15,66,4,7,9,7,0,22,0,524,7698,0,1,43.07,Medium
26,209,4,11,4,2,1,22,0,12895,3429,0,1,43.1,Medium
14,232,0,12,4,4,0,80,0,10926,6256,0,1,46.63,Medium
11,251,1,3,3,6,1,22,0,1291,7136,0,1,45.32,Medium
15,197,5,12,3,1,1,22,0,13315,41915,0,1,46.71,Medium
23,204,3,9,6,2,1,22,0,5735,4650,0,1,39.28,Medium
23,146,8,3,3,6,2,443,0,2794,29851,1,1,49.97,Medium
14,118,2,11,3,1,2,22,0,8229,4310,0,1,43.28,Medium
17,342,3,8,4,5,1,22,0,1610,16795,0,1,38.92,Medium
17,579,2,5,10,5,2,22,0,1793,452,0,1,45.88,Medium
19,32,1,14,3,2,1,443,0,3314,81890,1,-1,51.34,Medium
16,170,1,7,2,2,2,80,0,2640,24590,0,1,41.61,Medium
12,169,6,10,5,1,0,443,0,9673,4692,0,1,49.5,Medium
14,161,4,5,6,3,1,22,0,892,2271,0,1,39.34,Medium
14,269,2,6,4,4,1,22,0,3256,1555,0,1,39.06,Medium
17,164,5,6,5,2,7,22,0,3708,12977,0,1,45.24,Medium
23,109,4,13,2,3,0,22,0,860,1230,0,1,46.7,Medium
18,104,2,7,9,3,6,22,0,2689,3118,0,1,46.26,Medium
17,139,3,4,2,6,1,22,0,3553,25365,1,1,41.4,Medium
22,157,2,11,1,4,1,443,0,1998,1258,0,1,45.72,Medium
17,415,1,4,7,1,2,443,0,2142,25778,0,1,47.43,Medium
14,164,6,9,5,6,0,22,0,1637,8919,0,1,42.08,Medium
9,110,4,3,3,6,3,22,0,1708,76623,0,1,49.78,Medium
12,184,1,7,10,2,1,8080,0,18530,32396,0,-1,60.32,High
19,245,5,9,6,3,1,22,1,589,14029,1,-1,52.19,Medium
20,71,2,4,6,6,0,443,0,9057,8660,1,1,46.18,Medium
17,570,5,7,3,5,2,22,0,3211,4087,0,1,42.19,Medium
28,336,4,8,3,3,0,22,0,4747,7949,0,1,46.43,Medium
18,236,5,12,4,8,7,22,0,7562,5504,1,1,49.67,Medium
10,385,0,16,5,4,3,443,0,9113,5840,1,-1,53.83,Medium
19,275,5,5,6,2,1,22,0,2048,1572,0,1,39.91,Medium
18,518,3,6,1,3,3,22,0,1943,11543,1,1,44.68,Medium
18,128,3,3,1,5,3,8080,0,6959,71494,0,-1,57.61,Medium
17,225,4,6,3,2,0,22,0,6725,24817,0,1,40.97,Medium
22,147,0,5,11,5,0,80,0,10205,6587,0,-1,51.33,Medium
23,138,5,10,3,5,0,22,0,5026,4423,0,1,42.06,Medium
30,33,6,5,4,2,1,22,0,4348,2353,0,1,48.88,Medium
22,85,4,6,4,2,1,22,0,4931,4548,0,1,38.93,Medium
25,204,5,9,3,2,0,22,0,1478,757,0,1,44.3,Medium
14,30,1,5,5,8,1,443,0,10344,30852,0,-1,50.53,Medium
17,208,2,9,4,8,1,22,0,8573,3949,0,1,41.78,Medium
22,34,4,9,4,4,2,443,0,18872,6876,0,1,45.41,Medium
16,109,4,9,3,3,2,80,0,393,27742,0,1,40.35,Medium
13,463,3,6,6,2,1,443,0,1180,13215,0,1,44.55,Medium
22,149,2,8,5,1,2,443,0,1115,695,0,1,42.73,Medium
25,37,1,8,5,5,0,443,0,915,5049,0,1,48.73,Medium
14,478,3,11,10,2,3,22,0,8785,1964,0,1,49.87,Medium
16,260,2,13,9,2,4,22,0,1363,25051,0,1,47.28,Medium
16,348,0,8,4,4,1,8080,0,3700,15663,0,-1,54.13,Medium
15,57,3,12,6,3,0,22,0,1423,23440,0,1,43.01,Medium
22,331,5,9,6,10,0,22,0,3623,1568,0,1,47,Medium
20,543,1,5,2,3,1,22,0,724,9863,0,1,45.37,Medium
27,437,1,2,5,5,3,22,0,14947,10984,0,-1,51.53,Medium
15,127,2,9,5,2,3,22,0,2282,1193,0,1,39.62,Medium
13,75,4,3,3,7,1,8080,0,675,345,0,-1,56.37,Medium
14,89,3,9,2,4,2,22,0,2527,724,0,1,40.5,Medium
12,174,1,9,3,7,0,8080,0,2762,9205,0,-1,56.48,Medium
17,417,3,8,3,2,0,22,0,11492,12441,0,1,43.03,Medium
23,81,4,4,7,6,0,80,0,590,62698,0,1,47.25,Medium
15,145,4,7,3,3,3,22,0,12403,8046,1,1,40.32,Medium
16,167,3,4,4,3,4,80,0,1237,13359,0,1,41.18,Medium
15,207,4,15,4,3,1,80,0,1145,80753,0,1,48.58,Medium
16,178,4,13,6,4,2,22,0,1072,10945,0,1,40.99,Medium
23,135,1,6,1,5,3,22,0,19983,47155,0,1,49.47,Medium
16,85,1,12,2,2,1,22,0,1049,2300,0,1,43.68,Medium
11,138,2,11,2,3,0,80,0,2473,4953,0,1,45.1,Medium
17,271,4,10,5,2,0,8080,0,1581,6341,0,-1,53.55,Medium
25,63,8,8,8,3,1,80,0,6113,24599,0,1,49.49,Medium
19,164,3,7,5,4,4,22,0,1797,2221,0,1,39.29,Medium
16,5,0,13,3,5,3,22,0,1572,30888,0,1,49.52,Medium
24,177,3,8,4,1,4,22,0,1118,2216,0,1,42.24,Medium
12,166,5,11,6,7,3,22,0,971,10500,1,1,42.5,Medium
16,137,3,7,5,7,3,443,0,109,22600,1,1,42.73,Medium
25,404,3,10,9,5,3,8080,0,937,2139,0,-1,56.48,Medium
12,261,2,6,7,3,2,443,0,1092,13718,0,1,42.71,Medium
23,142,0,8,4,3,3,22,0,986,36121,0,1,44.86,Medium
23,43,2,7,2,5,0,22,0,732,10569,0,1,43.3,Medium
16,157,1,15,2,3,2,8080,0,8370,17326,0,-1,58.61,Medium
21,157,2,4,6,2,2,80,0,9641,2039,0,1,41.39,Medium
15,164,4,9,4,7,2,22,0,712,11633,0,1,39.03,Medium
13,380,2,6,4,2,4,443,0,7117,7483,0,1,44.94,Medium
17,179,1,11,11,6,1,22,1,2222,5559,1,-1,56.06,Medium
19,45,2,4,3,2,3,22,0,6136,2129,0,1,42.05,Medium
20,229,4,9,7,12,5,22,0,3645,6223,1,1,45.47,Medium
23,82,2,5,7,1,3,22,0,873,15315,0,1,42.97,Medium
18,132,4,6,8,10,2,80,0,204,30325,1,1,46.11,Medium
12,169,3,12,6,2,2,22,0,3359,2760,0,1,41.34,Medium
17,120,3,7,4,7,0,22,0,5148,7382,0,1,40.27,Medium
20,53,7,10,3,5,0,80,0,637,3989,0,1,47.55,Medium
11,149,4,4,2,4,3,22,1,10655,19880,1,-1,55.31,Medium
20,161,4,1,5,4,4,22,0,378,20007,0,1,43.53,Medium
14,236,2,8,7,4,2,22,0,3652,49907,0,1,42,Medium
17,235,3,7,3,4,1,22,0,1950,2452,0,1,37.97,Medium
19,104,1,3,3,6,6,22,0,1692,18163,0,1,47.38,Medium
13,475,0,8,4,1,1,443,0,6672,1960,0,1,49.3,Medium
18,53,2,8,5,2,1,22,0,5849,3174,0,1,38.89,Medium
23,88,2,14,2,5,1,8080,0,2265,32793,0,-1,57.66,Medium
15,128,1,9,5,3,1,22,0,3408,19025,0,1,39.38,Medium
16,337,5,7,5,4,3,443,0,2159,19942,0,1,42.97,Medium
13,49,1,4,9,3,1,8080,0,520,70491,0,-1,58.46,Medium
11,299,1,8,2,8,4,80,0,7957,93749,0,-1,54.46,Medium
22,118,2,6,3,3,3,22,0,885,14863,0,1,39.84,Medium
21,141,8,8,7,5,3,22,0,1398,14420,0,1,46.05,Medium
17,386,5,3,5,2,3,22,0,3576,62630,0,1,46.23,Medium
29,127,5,9,6,6,2,8080,0,157,133441,0,-1,62.32,High
31,195,1,6,4,5,2,8080,0,4968,67694,0,-1,60.44,High
19,39,2,5,7,6,2,22,0,10296,2458,0,1,42.36,Medium
23,281,1,10,5,6,1,22,0,1931,7046,0,1,40.51,Medium
20,264,1,14,6,6,3,443,0,2227,4636,0,1,46.56,Medium
13,295,1,5,6,3,1,22,0,1503,1829,0,1,40.97,Medium
15,324,2,5,2,4,4,22,0,2618,3872,1,1,42.28,Medium
23,390,4,9,6,6,1,443,0,3088,4126,0,1,43.54,Medium
21,143,3,7,7,3,7,22,0,3727,2711,0,1,46.16,Medium
10,209,2,10,7,3,2,22,0,3371,12701,0,1,41.72,Medium
20,290,3,8,5,5,2,22,0,3698,2959,0,1,38.18,Medium
17,40,2,6,2,3,1,22,0,891,5991,0,1,40.6,Medium
18,42,6,9,9,7,5,443,0,8609,9910,0,-1,51.88,Medium
20,171,2,12,7,4,2,22,0,969,16777,0,1,40.28,Medium
18,37,3,7,3,3,1,22,0,1941,4212,0,1,39.05,Medium
16,117,0,7,6,3,3,22,0,9946,17431,1,1,44.13,Medium
16,37,1,12,9,2,2,80,0,9412,1083,0,1,47.38,Medium
16,220,4,5,3,1,1,22,0,1097,59409,0,1,43.4,Medium
14,252,3,11,4,2,1,22,0,2984,17144,0,1,39.98,Medium
15,275,2,6,14,3,5,22,0,4178,24954,0,1,49.4,Medium
18,363,1,8,4,3,1,443,0,2952,48337,0,1,43.59,Medium
18,240,3,7,5,2,1,22,0,15751,4003,0,1,39.45,Medium
15,184,0,8,5,1,1,22,0,931,3616,0,1,43.27,Medium
19,346,7,9,5,8,2,80,0,1821,20333,0,1,45.64,Medium
23,135,4,6,5,4,1,22,0,4435,7550,0,1,38.41,Medium
16,179,2,4,7,4,3,443,0,5984,1337,0,1,43.89,Medium
20,326,6,5,6,7,4,22,0,1096,36030,1,1,46.92,Medium
18,262,4,12,9,4,3,8080,0,7082,2785,1,-1,55.94,Medium
21,348,2,10,6,3,2,443,0,1698,11624,0,1,42.3,Medium
25,108,3,6,4,1,0,22,0,3909,6263,0,1,43.78,Medium
16,239,2,10,8,5,3,22,0,571,3314,0,1,40.48,Medium
16,353,4,6,2,4,1,443,0,912,8491,0,1,43.38,Medium
13,195,4,8,2,2,0,22,0,896,1412,0,1,42.63,Medium
21,295,1,7,4,3,1,22,0,1835,16033,0,1,40.23,Medium
21,62,6,6,7,4,4,22,0,596,983,0,1,44.17,Medium
16,161,2,9,5,8,0,22,0,7300,4425,0,1,42.46,Medium
18,203,4,7,7,3,0,443,0,1483,11071,0,1,42.88,Medium
26,436,2,6,6,2,1,80,0,17467,31479,0,1,47.84,Medium
22,107,3,10,2,5,1,80,0,1326,8747,0,1,40.74,Medium
19,201,7,7,4,4,1,80,0,2254,7245,1,1,42.27,Medium
14,136,4,5,4,8,3,22,0,3792,25791,1,1,42.3,Medium
26,183,2,9,5,5,0,443,0,5847,5182,0,1,45.38,Medium
19,413,4,8,2,7,0,8080,0,6295,13283,0,-1,56.47,Medium
22,92,5,7,5,3,2,22,1,11107,968,1,-1,52.43,Medium
15,212,2,6,2,2,1,443,0,6580,60648,0,1,44.76,Medium
20,76,3,7,3,2,0,80,0,10901,10432,0,1,42.35,Medium
20,141,1,6,3,8,3,443,0,2755,2350,1,1,45.3,Medium
16,101,2,13,7,4,3,22,0,1224,1875,0,1,43.26,Medium
19,371,1,13,4,5,4,22,0,1016,3000,0,1,45.04,Medium
17,282,6,8,4,3,6,80,0,420,9563,1,1,48.24,Medium
13,174,4,4,2,2,0,8080,0,6572,29706,0,-1,56.32,Medium
16,400,3,12,4,4,2,22,0,2851,12994,0,1,40.97,Medium
11,249,2,2,7,4,2,80,0,7065,4856,0,1,46.31,Medium
14,534,2,7,4,6,2,22,0,1019,4811,0,1,42.2,Medium
16,91,2,15,4,5,6,22,0,5055,1302,0,-1,50.09,Medium
16,382,1,4,6,5,2,22,0,3570,24985,0,1,42.64,Medium
23,67,4,14,8,7,6,443,0,16438,2890,1,-1,56.07,Medium
18,195,5,9,11,5,3,22,0,6394,1781,0,1,44.79,Medium
19,127,2,7,4,4,1,80,0,4047,1787,0,1,38.35,Medium
24,142,5,6,7,0,1,80,0,3895,117075,0,1,49.75,Medium
17,104,2,9,2,6,3,22,0,2451,3590,0,1,40.38,Medium
17,278,1,11,5,2,5,80,0,1678,2718,0,1,44.84,Medium
17,133,1,13,9,3,3,22,0,2425,6799,1,1,45.3,Medium
23,312,6,9,4,2,1,443,0,13817,11909,0,1,46.11,Medium
15,253,5,8,6,2,3,22,0,3129,6565,0,1,39.9,Medium
14,380,1,6,4,3,4,22,0,631,9277,0,1,43.14,Medium
17,465,1,9,1,2,0,22,0,6875,6537,0,1,47.66,Medium
16,106,0,3,7,4,2,22,0,6015,6155,0,1,45.7,Medium
18,190,3,7,5,1,3,443,0,3359,32794,0,1,43.6,Medium
17,195,2,11,3,2,1,22,0,19073,10214,0,1,43.49,Medium
17,297,3,11,7,5,3,443,0,1661,52164,0,1,46.07,Medium
23,107,2,7,6,4,3,22,0,1152,3190,0,1,39.18,Medium
17,72,2,6,1,4,1,22,0,2011,23033,0,1,41.35,Medium
12,304,3,14,6,3,3,22,0,4143,495,0,1,44.53,Medium
16,146,2,3,5,2,2,443,0,13296,38186,0,1,45.84,Medium
10,186,2,6,9,4,1,22,0,2712,3935,0,1,42.45,Medium
21,337,3,6,2,7,2,22,1,12164,35106,1,-1,55,Medium
14,775,2,8,9,8,2,22,0,2475,6231,0,1,48.88,Medium
13,134,3,9,3,3,1,22,0,275,20221,1,1,40.13,Medium
20,246,1,12,5,5,5,443,0,10431,13782,0,1,48.14,Medium
21,463,5,7,11,8,2,22,0,541,7856,1,1,48.3,Medium
20,161,3,6,4,6,1,22,0,7006,39017,1,1,41.34,Medium
21,382,4,11,8,6,0,22,0,331,23641,0,1,45.73,Medium
13,260,4,6,3,5,1,22,0,497,3257,0,1,40.05,Medium
17,34,0,8,3,3,1,80,0,682,1498,0,1,43.95,Medium
8,43,1,10,4,5,0,22,0,4785,4057,0,1,47.09,Medium
13,235,3,9,7,2,0,443,0,3616,1346,0,1,43.97,Medium
18,337,2,1,6,5,2,443,0,4360,37653,0,1,45.03,Medium
22,201,3,4,4,3,2,22,0,4836,3049,0,1,38.88,Medium
16,108,1,10,4,4,4,443,0,4672,13643,0,1,44.12,Medium
21,333,0,10,7,4,4,443,0,2429,1062,0,1,48.85,Medium
18,214,6,4,4,6,2,22,0,4093,2264,1,1,41.67,Medium
15,22,2,5,4,4,3,80,0,10250,2147,0,1,43.23,Medium
18,666,3,6,3,2,4,22,0,12877,1203,0,1,45.78,Medium
17,120,6,8,4,4,1,22,0,3446,1614,0,1,40.79,Medium
13,124,8,11,4,3,5,22,0,912,779,0,-1,50.03,Medium
24,26,7,8,3,6,0,80,1,5855,3101,1,-1,58.71,Medium
20,189,0,8,1,6,3,22,0,8705,996,0,1,47.48,Medium
22,540,3,13,4,5,2,443,0,7283,25518,0,1,47.2,Medium
14,85,6,8,3,3,1,22,0,9871,2669,0,1,42.51,Medium
15,225,2,12,5,3,2,22,0,61203,5425,0,-1,51.77,Medium
14,113,2,9,4,6,2,22,0,4066,2778,0,1,39.53,Medium
16,598,5,6,5,5,3,22,0,4190,4334,1,1,43.7,Medium
16,446,4,7,4,5,3,22,0,3564,47863,0,1,42.26,Medium
15,402,1,8,8,1,4,8080,0,10820,8795,0,-1,57.93,Medium
10,87,5,7,7,6,2,22,0,185,8162,0,1,43.66,Medium
11,231,2,9,8,3,0,8080,0,501,1604,0,-1,54.91,Medium
18,215,1,1,4,6,0,22,0,13191,4728,0,1,45.95,Medium
13,162,5,8,1,3,4,8080,0,4301,4979,1,-1,56.23,Medium
14,116,2,4,5,1,2,443,0,2807,1764,0,1,43.9,Medium
27,109,4,8,2,6,2,22,0,4608,51304,0,1,46.07,Medium
19,332,4,13,3,4,1,22,0,2988,18766,0,1,41.95,Medium
17,139,5,10,3,6,2,22,0,7552,1423,0,1,40.95,Medium
17,384,3,9,5,6,2,22,0,2511,30982,0,1,40.59,Medium
15,295,1,10,8,4,2,22,0,5133,5259,0,1,41.29,Medium
24,277,4,9,7,8,3,22,0,6236,11911,0,1,41.86,Medium
10,290,2,9,5,3,4,80,0,999,13735,1,1,43.5,Medium
19,171,4,10,7,8,1,22,1,2318,10978,1,-1,54,Medium
24,240,2,11,2,3,3,22,1,6200,3491,1,-1,54.79,Medium
18,112,2,6,6,1,1,22,0,1786,8555,0,1,39.77,Medium
21,482,3,6,4,2,2,22,0,2158,1853,0,1,40.34,Medium
23,760,1,5,7,4,1,8080,0,975,124758,0,-1,64.24,High
12,329,4,8,4,2,1,22,0,43392,4665,0,-1,51.52,Medium
16,146,3,9,2,7,1,22,0,900,86915,0,1,46.39,Medium
19,227,6,6,7,5,1,80,0,8709,5955,0,1,41.61,Medium
24,376,3,9,4,5,3,80,0,722,15456,0,1,41.31,Medium
12,79,3,6,6,2,2,443,0,1912,28047,0,1,43.33,Medium
16,476,3,4,4,5,3,22,0,193,24316,0,1,42.91,Medium
17,223,1,13,4,2,3,8080,0,7088,7433,1,-1,55.47,Medium
18,112,1,12,6,5,2,80,0,661,27983,0,1,43.39,Medium
18,162,4,10,5,4,5,22,0,33335,719,0,1,48.86,Medium
17,372,3,10,1,4,3,443,0,1057,1647,0,1,45.81,Medium
19,373,4,5,5,3,3,443,0,13486,112054,0,1,49.53,Medium
14,222,2,9,4,6,3,22,0,11350,1517,0,1,41.2,Medium
24,242,2,10,4,9,4,22,0,1328,14274,0,1,44.81,Medium
17,186,4,7,1,5,2,8080,0,736,12267,0,-1,52.46,Medium
12,165,3,8,7,2,2,22,0,19156,1768,1,1,43.82,Medium
16,446,4,9,6,3,3,443,0,3444,16331,0,1,43.83,Medium
8,57,2,9,6,2,2,22,0,2892,20911,0,1,43.1,Medium
19,109,2,6,1,5,2,22,0,1240,2119,1,1,40.71,Medium
16,450,3,5,6,5,1,22,0,14086,18008,0,1,41.61,Medium
28,141,3,10,3,5,4,80,0,14957,70616,0,-1,50.33,Medium
15,263,0,5,9,6,1,22,0,3124,21838,0,1,45.77,Medium
22,129,3,6,4,3,6,22,0,1469,52154,0,1,47.13,Medium
17,107,4,6,5,4,0,22,0,1438,2065,0,1,39.73,Medium
14,248,5,4,2,3,2,22,0,3320,12133,0,1,41.21,Medium
19,221,4,9,6,3,0,22,0,8276,1431,0,1,41.18,Medium
19,427,2,5,7,2,1,22,0,3813,38838,0,1,42.98,Medium
18,118,1,8,4,8,2,80,0,3595,13479,0,1,42.38,Medium
15,280,2,7,7,4,2,22,0,4661,5349,0,1,39.16,Medium
29,270,2,9,3,5,0,22,0,13262,7085,0,1,46.36,Medium
15,102,5,10,2,1,3,22,0,5298,10132,0,1,44.28,Medium
25,356,5,10,3,5,1,22,0,2844,28016,1,1,43.95,Medium
12,211,2,8,5,6,1,22,0,2660,16237,0,1,40,Medium
22,342,3,6,2,3,3,22,0,1745,11539,0,1,41.41,Medium
16,264,1,11,4,2,1,22,0,1503,11320,1,1,40.89,Medium
13,91,4,9,12,3,0,8080,0,619,32685,0,-1,59.71,Medium
16,121,2,7,3,3,1,80,0,13480,21842,0,1,40.82,Medium
22,184,4,10,7,3,3,22,0,875,2279,0,1,40.31,Medium
31,207,3,4,2,5,2,22,0,5457,4263,0,1,46.07,Medium
21,155,8,5,8,2,1,22,0,4147,10439,0,1,46.8,Medium
17,304,4,7,5,1,1,80,0,2694,7545,0,1,39.91,Medium
21,191,2,7,3,8,1,22,0,1213,22116,0,1,41.73,Medium
10,105,2,6,6,4,3,22,0,19248,2684,0,1,44.85,Medium
18,356,3,3,9,6,0,443,0,4390,1162,0,1,47.68,Medium
16,405,1,11,2,3,2,80,0,11357,14500,1,1,45.42,Medium
13,383,6,5,4,4,3,22,0,513,18432,0,1,43.89,Medium
19,246,1,7,2,4,4,80,0,11751,72720,1,1,47.38,Medium
21,386,1,7,2,3,4,22,0,4685,20197,1,1,44.11,Medium
18,295,1,7,3,3,2,443,0,16273,7745,0,1,44.72,Medium
14,231,1,6,6,5,2,22,0,2552,13053,0,1,40.48,Medium
19,83,5,10,6,4,0,80,0,4273,390,0,1,42.59,Medium
20,62,4,9,1,7,4,22,0,2969,15369,0,1,44.47,Medium
18,200,1,9,5,6,0,22,0,1706,5941,0,1,41.06,Medium
19,187,3,12,8,6,1,80,0,602,6320,0,1,41.68,Medium
24,258,3,10,2,5,3,443,0,8569,2052,0,1,45.08,Medium
25,406,5,9,5,9,0,443,0,2243,22277,0,-1,50.11,Medium
20,182,5,6,4,4,2,22,0,13199,8596,0,1,39.34,Medium
15,60,4,5,6,7,2,22,0,4753,1661,0,1,40.59,Medium
13,395,1,12,5,9,3,22,0,4272,6327,0,1,47.5,Medium
15,283,5,10,5,3,4,22,0,4898,12499,0,1,41.21,Medium
17,194,1,7,3,8,1,80,0,887,968,0,1,43.29,Medium
23,213,2,2,6,5,3,8080,0,6371,32016,0,-1,56.07,Medium
15,257,2,7,4,6,2,22,0,7762,3030,0,1,39.01,Medium
23,135,5,10,2,4,2,22,0,9971,3754,0,1,42.11,Medium
19,248,6,6,3,6,1,22,0,2743,5864,0,1,41.67,Medium
12,181,4,8,1,3,4,22,0,17517,40032,0,1,48.46,Medium
20,127,2,10,4,6,1,22,0,4920,8157,0,1,39,Medium
20,109,1,14,3,0,2,443,0,2502,13422,0,1,48.98,Medium
14,345,3,6,5,3,4,80,0,6342,18850,0,1,42.33,Medium
21,51,4,8,7,2,2,22,1,10223,11902,1,-1,53.08,Medium
6,325,3,10,8,5,3,22,0,6202,18629,0,1,46.09,Medium
16,336,2,6,6,3,5,22,0,1076,203546,0,-1,52.81,Medium
14,308,1,5,8,5,3,22,0,3629,39686,0,1,45.95,Medium
16,70,3,6,6,3,2,22,0,3586,17250,0,1,38.82,Medium
21,105,5,9,3,4,2,22,0,3494,5546,0,1,39.58,Medium
17,148,2,8,7,3,4,22,0,10214,430,0,1,42.66,Medium
23,45,3,6,2,6,1,80,0,545,9331,0,1,42.86,Medium
16,164,2,9,4,4,3,22,0,520,2407,0,1,39.37,Medium
16,176,3,6,1,4,3,22,0,9328,13394,0,1,42.03,Medium
15,234,3,6,2,3,2,80,0,2547,7218,0,1,39.56,Medium
25,335,2,4,9,3,2,80,0,15942,18286,0,1,47.16,Medium
25,229,2,8,4,6,0,8080,0,6913,139976,0,-1,60.32,High
16,46,4,7,8,3,2,443,0,4540,14983,1,1,42.15,Medium
21,233,6,8,3,5,1,80,0,1208,39061,1,1,43.89,Medium
18,267,1,8,5,2,3,22,0,2679,22089,0,1,40.81,Medium
20,539,5,5,6,7,2,8080,0,1831,21529,0,-1,55.5,Medium
7,364,2,6,4,3,3,80,0,2833,13560,0,1,44.49,Medium
13,212,2,5,8,2,0,22,0,1619,407,0,1,42.75,Medium
21,135,6,5,7,3,4,80,0,1430,7787,0,1,43.53,Medium
23,111,3,9,8,5,1,22,0,1116,30848,0,1,41.35,Medium
27,351,6,14,9,1,2,22,0,3558,6767,0,-1,50.99,Medium
17,338,2,4,6,4,2,22,0,7954,25734,0,1,40.44,Medium
17,186,2,9,3,4,2,8080,0,795,27365,0,-1,52.34,Medium
19,187,1,5,6,5,1,80,0,1643,11887,0,1,40.84,Medium
18,268,3,15,5,7,2,22,0,1602,5038,1,1,43.93,Medium
15,494,1,12,4,6,4,22,0,4289,6290,0,1,46.46,Medium
16,136,3,4,4,5,4,22,0,999,4946,0,1,40.53,Medium
23,344,4,10,3,5,2,22,0,2532,784051,1,1,49.77,Medium
17,328,1,8,3,2,1,22,0,3411,1603,0,1,41.06,Medium
14,141,7,10,3,5,1,22,0,1658,32290,0,1,45.12,Medium
19,84,4,7,8,3,2,80,0,2579,13331,0,1,39.76,Medium
14,97,0,5,6,1,1,443,0,3600,6484,0,1,47.27,Medium
14,106,2,3,1,2,1,22,0,5245,37153,0,1,45.1,Medium
14,225,6,9,5,2,1,443,0,3210,11924,0,1,43.18,Medium
13,223,5,7,5,3,1,443,0,10695,6159,0,1,42.12,Medium
25,401,2,7,7,4,2,443,0,15476,22395,0,1,47.52,Medium
16,100,4,7,7,3,3,22,1,603,8907,1,-1,52.15,Medium
22,121,2,12,2,4,4,80,0,14878,24751,1,1,45.97,Medium
17,89,2,10,3,4,2,22,0,13249,18975,0,1,40.1,Medium
22,59,4,7,6,7,1,443,0,2819,7517,1,1,43.42,Medium
19,217,5,8,6,3,2,22,0,1475,8459,0,1,38.35,Medium
20,178,3,3,9,6,1,22,0,3862,93066,0,1,48.17,Medium
20,314,3,11,4,0,1,22,0,2789,52277,0,1,46.03,Medium
26,61,6,7,8,6,1,443,0,1387,2574,1,1,47.72,Medium
19,151,1,10,5,5,2,80,0,1903,47854,0,1,42.1,Medium
16,277,2,13,5,4,2,443,0,2449,10054,0,1,43.6,Medium
23,475,4,7,5,5,2,8080,1,282,3821,1,-1,62.44,High
9,80,7,12,8,4,2,22,0,8682,33910,0,-1,52.4,Medium
22,113,3,10,8,6,1,22,0,3102,10158,0,1,40.41,Medium
17,177,3,4,1,4,1,22,0,3706,5245,0,1,40.88,Medium
11,182,2,10,5,1,2,22,0,718,1046,0,1,43.48,Medium
16,179,2,5,2,3,2,22,0,986,4303,0,1,39.86,Medium
23,429,6,9,2,3,1,443,0,5541,2804,1,1,46.89,Medium
19,465,3,4,3,3,2,22,0,8163,2519,0,1,41.31,Medium
21,414,6,10,7,3,1,80,0,9722,12414,0,1,44.32,Medium
11,173,2,5,3,7,1,22,0,6348,3807,0,1,43.4,Medium
15,232,4,11,6,5,4,22,0,5380,18237,0,1,41.45,Medium
20,339,4,11,3,5,2,22,0,15150,4053,0,1,41.8,Medium
17,156,2,6,6,7,0,22,1,3378,20726,0,-1,52.94,Medium
20,210,4,10,4,1,2,22,0,2702,3024,0,1,40.25,Medium
23,144,2,5,6,2,3,443,0,4899,14991,0,1,42.54,Medium
15,78,3,7,9,5,3,22,0,10331,3578,0,1,42.97,Medium
22,503,2,8,5,1,1,80,0,2996,24080,0,1,44.01,Medium
21,85,8,6,11,4,1,22,0,1158,1566,0,1,49.96,Medium
20,154,2,7,5,2,1,22,0,6359,2264,0,1,38.28,Medium
15,102,1,11,4,2,1,22,1,360,1591,1,-1,53.92,Medium
13,188,1,4,6,4,3,22,0,6556,11793,0,1,42.51,Medium
13,299,1,10,1,3,2,22,0,36094,7849,0,-1,51.74,Medium
19,313,5,8,6,5,2,22,0,1296,23047,1,1,39.68,Medium
16,283,5,8,6,4,2,80,0,2453,11591,0,1,39.16,Medium
12,127,2,6,2,7,1,80,0,1591,67861,0,1,46.04,Medium
18,184,1,9,6,6,3,22,0,3674,447,0,1,41.24,Medium
27,336,2,6,7,5,1,22,0,190,14923,0,1,44.76,Medium
19,199,2,11,3,0,0,443,0,25481,25797,0,-1,51.95,Medium
20,346,5,4,7,7,0,22,0,4476,10526,0,1,44.53,Medium
13,118,0,5,6,10,1,22,0,724,5540,0,1,48.94,Medium
19,195,4,10,5,4,2,22,0,1930,21990,0,1,38.73,Medium
23,190,2,12,6,4,2,22,0,5925,15004,1,1,40.43,Medium
26,327,2,11,3,6,2,22,0,3445,8920,1,1,43.09,Medium
20,235,4,5,6,6,3,22,0,718,6131,0,1,39.66,Medium
16,336,3,7,5,6,2,22,0,1441,2583,0,1,39.04,Medium
20,470,1,7,4,5,3,8080,0,12767,11255,0,-1,55.71,Medium
21,279,3,8,8,2,2,8080,0,2633,15310,0,-1,51.69,Medium
19,344,1,9,5,5,0,22,0,5688,15599,0,1,43.24,Medium
20,138,2,9,6,6,1,80,0,12283,1997,0,1,40.66,Medium
13,470,3,4,5,8,1,80,0,1435,2951,0,1,44.63,Medium
15,242,1,8,5,4,4,443,0,387,3249,0,1,44.56,Medium
17,46,0,8,4,3,1,8080,0,21550,14949,0,-1,57.4,Medium
16,128,5,8,3,2,3,22,0,9451,2245,0,1,41.14,Medium
18,210,1,2,1,5,1,22,0,387,1492,0,1,46.46,Medium
18,171,4,9,6,10,3,22,0,3887,8596,1,1,42.59,Medium
18,353,4,7,2,4,4,22,0,547,15443,0,1,42.47,Medium
12,240,0,8,2,7,1,22,0,710,13171,0,1,45.88,Medium
17,626,1,7,4,2,0,22,0,3118,15701,0,1,45.5,Medium
13,207,0,12,3,5,3,80,0,6399,948,0,1,46.77,Medium
16,96,4,8,6,2,1,22,0,23397,69135,0,1,48.86,Medium
22,168,3,4,6,4,2,22,0,3032,30644,0,1,39.96,Medium
28,149,3,8,4,5,2,443,1,2835,44578,1,-1,56.83,Medium
19,296,4,5,4,3,4,22,0,2910,12388,0,1,40.47,Medium
14,97,2,12,4,6,1,22,0,7779,15419,0,1,41.93,Medium
25,273,6,8,7,1,0,22,0,1251,7137,0,1,46.48,Medium
16,116,0,8,4,5,0,8080,0,6691,16984,0,-1,58.1,Medium
19,191,6,8,2,5,1,80,0,1716,3388,0,1,41.76,Medium
17,33,2,1,5,5,3,22,0,1320,1861,0,1,44.43,Medium
17,252,6,9,3,5,2,22,0,5965,3240,1,1,41.26,Medium
13,107,5,14,3,9,3,22,0,9904,5720,0,1,48.45,Medium
31,146,3,6,3,3,2,22,0,1974,9071,0,1,44.48,Medium
21,62,5,9,5,5,1,443,0,1265,9281,1,1,42.51,Medium
16,94,2,9,7,5,2,22,0,1438,28575,0,1,39.8,Medium
16,211,4,6,8,5,3,22,0,3711,42621,0,1,42.35,Medium
19,231,5,11,6,2,2,80,0,2927,58613,1,1,44.24,Medium
18,427,1,6,4,4,0,22,0,14021,15110,0,1,44.08,Medium
16,111,6,4,4,1,1,22,0,166,16970,0,1,43.47,Medium
14,283,4,12,5,12,4,443,0,748,21533,1,1,48.21,Medium
13,271,3,7,7,4,5,80,0,3797,40108,0,1,46.18,Medium
14,55,2,9,3,4,1,22,0,53470,2409,0,-1,50.95,Medium
13,309,3,8,5,5,2,22,0,592,21118,0,1,39.75,Medium
16,85,1,2,5,4,1,22,0,3401,4120,0,1,43.39,Medium
15,414,2,5,3,6,2,443,0,1566,61374,0,1,45.4,Medium
21,77,4,6,4,4,1,22,0,9575,3113,0,1,39.43,Medium
17,304,5,9,5,2,0,22,0,461,10269,0,1,42.71,Medium
11,337,3,5,3,7,1,22,0,812,4920,0,1,43.4,Medium
22,203,3,4,5,1,0,8080,0,1544,3959,0,-1,55.49,Medium
20,186,3,8,5,2,2,22,0,9598,14443,0,1,38.64,Medium
24,243,5,8,5,6,4,22,0,2729,14438,1,1,42.16,Medium
14,992,4,12,3,6,2,443,0,354,19011,0,-1,51.25,Medium
17,114,4,8,5,5,0,443,0,2571,552,0,1,42.79,Medium
20,252,5,8,8,4,2,22,0,2391,137955,0,1,47.11,Medium
16,90,2,6,6,3,1,443,0,14254,24336,0,1,43.32,Medium
22,52,1,7,8,2,5,80,0,12074,16376,0,1,48.08,Medium
16,274,0,5,6,4,3,22,0,2670,5026,0,1,44.05,Medium
11,81,3,8,3,5,3,22,0,2787,2895,0,1,41.73,Medium
22,299,4,3,5,2,3,8080,0,6437,2532,0,-1,56.07,Medium
22,117,5,8,3,7,0,80,0,2095,17368,0,1,42.96,Medium
14,470,2,5,6,6,2,22,0,614,17005,0,1,42.02,Medium
21,325,3,5,3,3,2,8080,0,1028,19605,0,-1,51.75,Medium
16,134,6,7,8,4,0,22,0,4658,4839,0,1,42.66,Medium
22,279,3,3,5,2,1,22,0,3076,46659,0,1,42.57,Medium
16,194,2,10,4,2,4,22,0,7458,5184,0,1,40.93,Medium
16,199,5,10,3,2,1,22,0,21798,38149,1,1,47.21,Medium
20,91,1,7,7,4,0,22,0,1403,6246,0,1,42.08,Medium
13,311,3,9,5,4,2,22,0,1379,20871,0,1,39.39,Medium
14,414,3,8,4,4,0,22,0,12166,29780,0,1,43.39,Medium
15,369,1,5,4,4,3,8080,0,1170,6348,0,-1,53.36,Medium
23,585,3,6,4,7,3,22,1,724,41925,1,-1,54.04,Medium
15,259,3,11,4,1,2,22,0,3824,25261,0,1,42.05,Medium
19,114,6,7,7,4,2,22,0,683,2543,0,1,40.81,Medium
23,390,5,13,4,3,2,22,0,3673,20824,0,1,43.46,Medium
19,297,1,6,5,3,3,22,0,7802,42926,0,1,43.02,Medium
30,66,4,2,6,2,4,22,0,4858,8700,0,1,49.39,Medium
15,24,4,9,4,5,1,22,0,1018,7351,0,1,40.74,Medium
12,155,4,8,3,5,0,22,0,2130,18652,1,1,41.58,Medium
16,224,3,12,2,5,2,22,0,8683,29478,0,1,42.79,Medium
15,156,3,8,7,2,0,22,0,1160,15788,0,1,40.56,Medium
20,72,3,4,6,3,3,22,0,1066,8830,1,1,39.99,Medium
22,174,1,9,3,5,4,443,0,385,37723,0,1,47.04,Medium
15,237,3,10,6,3,3,8080,0,5291,3564,0,-1,52.28,Medium
15,42,1,8,4,2,1,22,0,4274,704,0,1,41.41,Medium
25,531,5,9,3,7,4,80,0,8916,5682,1,1,48.08,Medium
11,397,1,5,6,4,2,22,0,4020,36432,0,1,45.74,Medium
18,191,2,7,5,3,3,22,0,3770,20671,0,1,38.78,Medium
14,229,1,7,7,4,2,22,0,2631,15373,0,1,40.46,Medium
20,76,1,9,7,1,2,22,0,8562,1484,0,1,43.63,Medium
18,395,6,10,3,4,1,22,0,3134,6899,0,1,42.32,Medium
17,200,2,11,1,7,1,8080,0,1755,1154,0,-1,54.65,Medium
11,178,5,10,7,11,4,80,0,4830,7401,0,1,47.54,Medium
18,245,5,3,6,4,1,80,0,28946,6603,1,1,47.67,Medium
18,227,1,11,5,9,4,443,0,1024,19743,1,1,48.74,Medium
23,110,1,5,5,3,1,22,0,573,13954,0,1,40.88,Medium
8,88,6,7,5,4,3,22,0,3069,644,1,1,44.97,Medium
18,309,2,8,2,5,3,22,0,2516,17222,0,1,40.99,Medium
20,140,4,4,4,3,4,443,0,6091,4082,0,1,43.41,Medium
25,86,4,7,5,3,3,80,0,2664,3917,0,1,41.08,Medium
25,236,4,12,4,4,5,22,0,15643,2014,1,1,46.95,Medium
14,168,1,9,2,4,1,22,0,2598,4164,0,1,40.98,Medium
19,156,1,9,8,5,3,22,0,6928,1182,0,1,42.07,Medium
15,182,0,8,6,4,2,22,0,11984,21827,0,1,43.68,Medium
13,166,3,4,7,6,2,22,0,2952,8085,0,1,40.41,Medium
15,252,1,4,4,4,4,22,0,2228,17322,0,1,42.49,Medium
17,214,4,3,3,4,1,80,0,574,2634,0,1,41.23,Medium
18,192,2,5,1,3,4,443,0,1474,857,0,1,44.95,Medium
14,347,3,6,4,2,0,22,0,420,6181,0,1,41.45,Medium
22,360,3,5,5,5,0,22,0,1486,1943,0,1,41.05,Medium
27,226,4,12,4,5,3,443,0,314,8320,1,1,46.18,Medium
17,34,2,12,2,5,3,80,0,1419,2339,0,1,43.77,Medium
22,339,5,3,6,0,1,443,0,1213,1574,0,1,48.26,Medium
21,61,3,11,9,3,1,22,1,922,48176,1,-1,55.77,Medium
27,238,2,7,7,3,3,443,0,988,54514,0,1,48.47,Medium
14,47,2,15,3,4,1,22,0,1847,6210,0,1,45.43,Medium
9,50,1,9,7,6,1,80,0,9863,9860,0,1,46.94,Medium
16,210,3,5,11,3,1,22,0,7039,10873,0,1,43.64,Medium
22,209,4,3,6,3,1,443,0,10879,54743,0,1,46.85,Medium
17,324,1,13,3,4,2,22,0,8850,11269,0,1,43.02,Medium
14,56,4,8,5,3,6,8080,0,19921,9438,0,-1,59.37,Medium
12,281,4,14,2,1,1,22,1,3864,10266,1,-1,56.98,Medium
18,166,4,6,3,5,0,22,0,1433,60644,0,1,42.98,Medium
12,129,2,8,8,4,3,80,0,3221,5409,0,1,41.28,Medium
27,103,4,9,1,10,2,80,0,1346,1478,0,1,49.12,Medium
12,144,6,4,7,5,4,22,0,4834,1844,0,1,44.89,Medium
21,68,5,7,7,3,0,443,0,56149,2682,0,-1,55.05,Medium
19,369,4,9,5,6,3,22,0,27455,3944,0,1,47.23,Medium
17,105,3,8,6,5,2,22,0,6522,90321,1,1,44.07,Medium
22,107,4,7,4,5,2,22,0,1328,743,0,1,38.8,Medium
20,309,0,10,7,5,0,22,0,1165,17088,1,1,46.27,Medium
24,174,2,3,11,5,4,80,0,2143,21965,0,1,48.13,Medium
21,137,2,7,2,6,4,22,0,13932,21466,0,1,42.62,Medium
12,209,1,8,7,6,0,80,0,80760,11106,0,-1,54.82,Medium
16,245,4,8,1,1,2,443,0,2811,16123,0,1,44.66,Medium
25,537,4,7,3,2,0,22,0,319,2861,0,1,47.25,Medium
11,261,5,13,1,3,3,22,0,5824,15910,1,1,47.28,Medium
23,229,2,12,3,5,1,22,0,4631,6206,1,1,40.65,Medium
16,353,4,9,9,6,2,80,0,2521,3258,0,1,41.43,Medium
12,152,2,9,4,2,2,22,0,4696,2042,0,1,39.65,Medium
22,179,6,7,5,7,4,22,0,56404,5977,0,-1,53.92,Medium
11,63,0,3,3,6,1,22,0,3764,236,0,1,48.96,Medium
20,294,4,7,3,4,0,22,0,2825,3055,0,1,40.83,Medium
17,162,3,7,5,0,1,22,0,6423,4816,0,1,40.46,Medium
14,211,4,10,6,6,3,22,0,2173,1804,1,1,39.48,Medium
18,107,1,7,5,8,3,22,0,1228,8654,0,1,42.29,Medium
14,64,4,7,3,3,2,443,0,2086,21344,1,1,42.05,Medium
23,240,1,3,7,6,2,22,0,747,38152,0,1,45.99,Medium
16,204,1,10,9,6,0,443,0,2835,6223,0,1,45.9,Medium
24,211,3,7,4,3,2,22,0,18210,6146,0,1,41.33,Medium
17,281,2,7,6,5,2,22,0,1312,3253,0,1,38.2,Medium
17,205,3,5,4,4,2,443,0,9254,111317,0,1,46.27,Medium
20,60,3,8,9,3,4,22,0,9856,3298,0,1,45.03,Medium
21,134,4,13,3,6,0,80,0,1510,28852,0,1,45.44,Medium
15,137,2,12,4,3,0,80,0,4667,6415,0,1,42.08,Medium
10,140,4,13,3,4,0,22,0,834,16118,0,1,47.26,Medium
21,245,1,5,8,3,0,22,0,2962,7676,0,1,43.88,Medium
18,393,5,15,7,7,3,22,0,2813,21496,1,1,47.5,Medium
19,415,2,13,3,7,1,80,0,1235,6314,1,1,43.87,Medium
19,522,0,9,3,3,0,22,0,1085,5518,0,1,46.89,Medium
23,107,2,8,1,0,1,80,0,7919,8036,0,1,44.9,Medium
26,224,3,7,5,3,0,22,0,3725,6185,0,1,42.2,Medium
21,271,4,12,8,4,0,22,0,371,3325,0,1,44.05,Medium
26,69,4,5,7,3,2,80,0,7286,7021,0,1,42.82,Medium
19,23,3,6,3,2,2,22,0,2882,1412,0,1,40.6,Medium
23,334,5,4,3,2,0,22,0,7637,26228,0,1,44.95,Medium
26,243,3,7,6,1,0,443,0,5865,8412,0,1,47.48,Medium
19,640,3,8,5,7,4,22,0,9488,3559,0,1,45.46,Medium
16,234,8,8,8,1,0,8080,0,3560,6602,0,-1,60.23,High
11,198,3,12,8,5,2,22,0,15550,1966,0,1,45.6,Medium
20,52,0,6,3,4,4,22,0,3321,10732,0,1,44.42,Medium
17,82,2,3,4,7,0,80,0,2210,13425,0,1,43.36,Medium
22,111,2,9,5,3,1,8080,0,5651,125459,0,-1,57.67,Medium
14,354,2,7,6,2,1,80,0,341,2267,0,1,41.51,Medium
15,496,2,9,3,11,2,443,0,2033,20733,0,1,49.34,Medium
21,289,6,10,6,6,1,22,0,6246,16717,0,1,42.45,Medium
24,250,1,7,4,1,4,443,0,4295,8651,0,1,46.84,Medium
15,134,5,14,3,6,3,22,0,2657,27276,0,1,44.87,Medium
25,67,2,3,6,2,1,80,0,1532,7972,0,1,43.58,Medium
16,160,3,17,2,1,0,22,0,1162,2785,0,-1,51.39,Medium
19,683,3,2,8,4,0,22,0,785,3727,0,1,49.44,Medium
10,602,3,9,7,4,1,22,0,1021,29509,0,1,46.81,Medium
11,77,3,5,5,1,0,80,0,1484,4635,0,1,45.14,Medium
15,461,0,9,3,5,1,22,0,28995,7790,0,-1,51.17,Medium
15,213,3,7,5,1,3,22,0,13263,30697,1,1,42.88,Medium
9,692,3,6,7,3,1,443,0,4360,43258,0,-1,51.21,Medium
24,115,4,9,2,8,1,443,0,1495,3709,0,1,45.2,Medium
25,138,3,6,4,5,5,80,0,314,1970,0,1,43.78,Medium
14,170,6,8,6,5,2,80,0,5819,8816,0,1,40.87,Medium
14,112,2,4,2,1,1,22,0,4739,14333,0,1,42.58,Medium
12,56,5,11,7,5,1,8080,0,396,5814,0,-1,55.73,Medium
28,152,1,13,5,7,3,22,0,696,3059,0,1,48.34,Medium
14,407,2,8,6,3,2,22,0,551,3082,0,1,40.32,Medium
18,239,2,11,3,7,4,443,0,4280,13795,1,1,44.42,Medium
14,83,2,8,5,2,2,22,0,2301,17048,1,1,38.97,Medium
20,94,4,3,4,3,1,22,0,2050,14400,0,1,40.41,Medium
16,239,3,8,4,6,1,22,0,10062,203,0,1,40.43,Medium
17,304,2,8,6,2,1,22,0,704,16444,0,1,39.34,Medium
20,45,2,7,1,4,0,80,0,2634,17661,0,1,44.62,Medium
20,42,2,7,2,3,1,22,0,2476,1577,0,1,40.66,Medium
15,54,3,8,5,2,3,22,0,3318,10714,0,1,39.63,Medium
20,249,3,11,2,4,5,80,0,5459,16251,0,1,44.69,Medium
26,143,3,8,6,1,3,22,0,1022,3275,0,1,42.77,Medium
19,186,1,7,10,3,1,22,1,2046,2087,0,-1,54.65,Medium
14,312,2,5,4,2,0,80,0,1901,1660,0,1,42.07,Medium
17,199,0,9,6,3,3,22,0,1725,2492,0,1,42.49,Medium
23,41,4,11,3,6,2,8080,0,21091,8613,0,-1,58.84,Medium
10,510,8,8,7,1,1,443,0,4543,24785,0,-1,54.24,Medium
16,256,0,6,6,2,3,443,0,1057,1776,1,1,45.94,Medium
24,28,2,9,7,4,3,22,0,20642,3611,0,1,46.4,Medium
23,242,1,12,10,3,3,22,0,1094,12932,0,1,46.2,Medium
15,98,2,4,2,3,0,22,0,1722,8787,0,1,42.34,Medium
17,114,2,12,7,2,5,22,0,33520,1374,0,-1,53.82,Medium
20,44,7,11,5,2,2,22,0,381,1246,0,1,47.9,Medium
22,77,3,9,3,3,0,22,0,4230,7273,0,1,41.23,Medium
17,103,2,15,8,4,3,80,0,2238,4794,0,1,45.31,Medium
21,115,4,10,5,6,4,22,0,3589,9148,1,1,40.11,Medium
17,146,3,10,4,4,2,443,0,2052,5032,0,1,40.46,Medium
16,429,2,7,6,7,0,443,0,4131,4935,0,1,44.84,Medium
24,104,3,9,5,2,3,22,0,8531,3453,0,1,40.89,Medium
20,145,5,11,5,3,3,22,0,9092,8371,1,1,41.08,Medium
22,122,1,4,1,2,4,22,0,1451,28048,1,1,45.29,Medium
19,90,7,10,5,4,3,8080,0,131305,6529,0,-1,64.37,High
18,472,4,13,5,4,1,22,0,14579,3941,0,1,43.92,Medium
16,248,5,7,3,4,3,22,0,2673,3693,1,1,39.87,Medium
16,99,5,18,8,5,4,443,0,2328,3671,0,-1,51.82,Medium
20,94,2,2,3,4,1,443,0,1468,1064,0,1,45.24,Medium
18,61,1,7,4,3,2,22,0,4726,3355,0,1,39.96,Medium
17,209,0,8,2,2,1,22,0,20366,7394,0,1,47.04,Medium
21,160,1,6,8,4,2,22,0,3648,1121,0,1,41.56,Medium
13,294,2,7,9,7,2,22,0,957,1096,0,1,42.04,Medium
17,32,2,9,5,3,1,22,0,12472,3570,0,1,40.29,Medium
33,275,4,11,8,4,2,22,0,2987,3267,0,1,45.75,Medium
24,146,0,6,3,4,1,22,0,2874,2438,0,1,43.42,Medium
18,129,3,7,3,3,3,22,0,2958,3965,0,1,38.61,Medium
24,152,2,8,8,3,2,443,0,274,24688,0,1,44.2,Medium
19,348,3,10,8,3,2,8080,0,3033,5246,1,-1,51.98,Medium
23,191,2,7,4,7,5,22,0,8291,10211,0,1,42.92,Medium
16,245,4,7,4,5,1,80,0,2245,41108,0,1,40.81,Medium
15,170,3,9,5,6,3,443,0,2534,15914,0,1,41.36,Medium
15,371,4,5,1,4,2,22,0,11397,8228,0,1,42.88,Medium
16,316,2,12,3,3,3,22,0,1839,14337,0,1,42.29,Medium
29,444,3,9,7,3,2,22,0,2261,3237,0,1,45,Medium
19,234,3,5,5,5,3,443,0,4021,1750,1,1,41.18,Medium
20,367,3,7,4,5,1,80,0,3141,57549,1,1,41.78,Medium
24,413,3,6,3,5,1,80,0,641,5718,0,1,41.85,Medium
13,58,1,8,4,6,1,8080,0,5685,1492,0,-1,54.48,Medium
17,579,2,6,3,4,2,22,0,6714,9963,0,1,43.04,Medium
27,349,4,6,5,4,1,22,0,22160,2520,1,1,47.04,Medium
17,311,1,9,5,4,2,22,0,6879,210445,0,1,48.82,Medium
21,237,4,12,1,4,2,22,0,30711,7681,0,1,49.02,Medium
15,548,5,11,7,2,4,22,0,3810,1950,0,1,47.99,Medium
17,73,8,5,5,4,3,22,0,7536,17266,1,1,46.06,Medium
19,110,2,8,4,6,0,443,0,3455,13276,0,1,43.21,Medium
12,185,2,5,5,2,5,22,0,2207,1043,0,1,42.7,Medium
15,326,1,10,3,3,2,8080,0,763,5104,0,-1,54.36,Medium
15,344,4,7,3,3,1,22,0,6418,20825,0,1,39.93,Medium
15,81,6,5,6,5,1,22,0,18511,4554,1,1,44.6,Medium
15,186,5,7,6,7,0,80,1,679,14438,1,-1,53.09,Medium
21,178,1,10,4,8,7,22,0,5345,492,0,1,49.21,Medium
17,90,1,9,2,5,4,443,0,1292,120880,0,-1,51.34,Medium
19,234,2,6,7,3,1,80,0,162,4466,0,1,40.1,Medium
13,327,3,12,4,5,0,80,0,18094,42122,0,1,47.69,Medium
18,118,0,6,6,2,1,22,0,1066,2721,0,1,41.81,Medium
8,223,1,9,7,3,2,443,0,3045,1805,0,1,45.5,Medium
15,112,5,1,7,5,3,22,0,2316,2242,0,1,43.81,Medium
15,282,3,14,5,2,3,22,0,2640,12644,0,1,43.25,Medium
11,393,3,5,6,4,2,80,0,817,12127,0,1,43.15,Medium
18,116,3,10,6,5,0,22,0,4817,5912,0,1,39.95,Medium
19,298,3,9,4,4,0,22,0,1199,20954,0,1,40.93,Medium
22,169,3,6,4,2,0,22,0,1238,5038,0,1,39.67,Medium
13,389,4,14,2,2,1,443,0,6824,4525,0,1,48.73,Medium
17,471,2,10,6,0,2,22,0,899,1028,0,1,44.8,Medium
18,492,3,7,6,4,3,22,0,3786,31925,0,1,42.55,Medium
15,47,2,10,5,4,2,443,0,1976,32677,0,1,43.39,Medium
20,77,3,7,6,5,0,22,0,1906,6053,0,1,39.69,Medium
14,237,4,10,2,4,1,80,0,2952,7316,0,1,40.59,Medium
13,76,0,5,9,7,1,22,0,711,3465,0,1,47.23,Medium
14,47,5,7,2,4,1,443,0,35178,44769,0,-1,54.65,Medium
26,124,0,6,1,7,1,443,0,1264,914,0,-1,51.63,Medium
15,533,3,14,6,2,0,80,0,195,8057,0,1,49.5,Medium
17,283,1,8,5,6,2,22,0,4431,27534,0,1,41.17,Medium
16,371,3,3,4,2,5,22,0,9748,29858,0,1,46.83,Medium
28,154,2,12,3,1,5,22,0,990,19571,0,1,49.68,Medium
15,418,5,6,3,2,3,8080,0,2510,17571,0,-1,54.82,Medium
16,319,0,4,4,6,1,22,0,2116,3233,0,1,43.45,Medium
21,567,3,5,8,4,1,22,0,1457,7816,1,1,43.7,Medium
19,560,5,5,4,6,4,80,0,5238,4649,0,1,44.63,Medium
23,116,3,6,4,4,2,80,0,3292,44531,0,1,40.23,Medium
15,174,2,7,8,3,0,22,0,2493,2344,0,1,40.56,Medium
17,108,1,9,6,9,2,22,0,298,846,0,1,45.15,Medium
23,135,9,9,8,3,1,8080,0,4377,1898,0,-1,57.51,Medium
19,191,3,5,7,2,2,443,0,1373,14500,0,1,41.37,Medium
28,353,2,6,6,3,4,22,0,3841,1384,0,1,47.14,Medium
21,392,5,7,4,1,1,22,1,2515,8112,1,-1,53.18,Medium
17,180,1,10,11,4,4,22,0,7839,3514,0,1,46.68,Medium
23,218,3,8,5,2,3,443,0,5948,16430,0,1,41.94,Medium
18,157,1,6,6,1,3,443,0,2266,2361,0,1,44,Medium
18,104,8,8,5,7,1,22,0,6678,4494,0,1,45.1,Medium
21,180,2,6,6,4,0,22,0,1118,7083,0,1,39.85,Medium
21,387,3,5,2,0,1,443,0,2350,22774,0,1,47.2,Medium
15,85,3,6,6,8,1,80,0,3830,4522,1,1,41.54,Medium
14,156,2,7,6,3,3,22,0,3632,1158,0,1,39.56,Medium
21,713,3,9,1,2,6,443,0,31681,47918,0,-1,62.89,High
16,412,4,14,3,3,2,22,0,10107,3730,0,1,44.27,Medium
20,239,4,7,2,3,1,22,0,5086,14489,0,1,39.97,Medium
18,166,4,12,8,3,5,8080,0,48477,16065,0,-1,64.18,High
23,331,8,5,7,5,2,22,0,2267,3701,0,1,47.28,Medium
19,306,6,16,4,4,1,22,0,5118,78633,0,-1,52.29,Medium
21,215,2,5,4,3,3,22,0,1367,1593,0,1,39.41,Medium
27,366,3,5,10,5,3,22,0,1052,26947,0,1,49.49,Medium
14,241,1,10,3,3,1,22,0,58181,937,0,-1,51.91,Medium
16,161,3,4,6,4,3,22,0,1715,10178,0,1,39.41,Medium
11,434,1,4,4,2,3,22,0,2731,9450,0,1,44.9,Medium
13,238,2,6,5,6,6,8080,0,1969,36754,0,-1,57.64,Medium
12,420,4,7,1,2,2,443,0,3275,1475,0,1,46.92,Medium
19,58,5,7,5,2,2,22,0,4493,3194,0,1,39.43,Medium
12,200,5,10,6,2,1,80,0,3929,6204,0,1,41.11,Medium
23,262,3,10,7,4,3,22,0,22127,7231,1,1,44.41,Medium
20,205,2,9,5,9,1,22,0,722,16083,0,1,42.73,Medium
20,538,1,10,4,9,1,22,0,4213,6966,0,1,46.8,Medium
22,422,1,8,6,1,4,22,0,2487,1994,0,1,45.74,Medium
10,103,5,8,7,5,3,80,0,9066,27002,0,1,44.58,Medium
23,145,4,10,1,2,3,22,0,35725,10521,1,-1,51.38,Medium
13,84,2,8,6,4,1,22,1,44498,14446,1,-1,58.59,Medium
16,63,2,6,6,3,1,443,0,1490,4821,0,1,41.07,Medium
19,60,3,12,1,8,4,22,0,3861,2695,0,1,46.94,Medium
26,305,3,8,7,6,3,22,0,2443,1868,0,1,42.45,Medium
20,380,2,12,4,2,3,443,0,1759,10031,0,1,44.07,Medium
20,294,4,10,3,7,0,22,1,1469,3716,1,-1,53.51,Medium
19,179,4,6,5,3,4,22,0,3450,2654,0,1,39.29,Medium
19,321,5,10,6,4,4,22,0,713,703,1,1,41.98,Medium
22,663,3,7,5,2,0,22,0,39623,1881,0,-1,53.47,Medium
17,62,3,9,5,4,1,80,0,15409,11815,0,1,40.18,Medium
19,276,0,6,6,4,1,22,0,6106,16589,0,1,43.28,Medium
29,294,6,6,5,7,0,22,0,10241,4380,0,1,48.91,Medium
16,422,2,9,6,4,2,22,0,13368,16485,0,1,40.95,Medium
14,55,1,11,5,3,3,22,0,2307,4844,0,1,42.23,Medium
16,280,6,6,6,6,1,80,0,6791,4089,0,1,41.35,Medium
29,165,1,7,4,1,4,80,0,4240,9048,0,1,48.1,Medium
16,263,2,8,4,4,2,22,0,1498,6298,0,1,38.21,Medium
19,533,1,9,7,4,1,8080,0,5279,1619,0,-1,56.38,Medium
17,47,3,8,6,8,1,22,0,4614,13046,0,1,42.25,Medium
15,89,3,7,6,1,5,22,0,22984,1774,0,1,48.13,Medium
23,209,2,11,8,6,4,22,0,6174,2888,0,1,43.64,Medium
18,478,0,8,5,4,2,22,0,8054,4450,0,1,44.44,Medium
13,159,2,5,7,3,3,80,0,6720,58649,0,1,44.64,Medium
18,103,2,2,2,2,3,22,0,5306,4264,0,1,44.75,Medium
17,185,2,12,8,3,6,22,0,795,13177,1,1,47.04,Medium
19,116,2,15,11,1,0,22,0,2288,13990,0,-1,51.2,Medium
19,113,1,9,4,6,2,80,0,1593,6218,0,1,40.03,Medium
18,514,3,10,7,3,2,22,0,7615,3565,0,1,41.91,Medium
17,222,0,8,5,3,3,22,0,881,31004,0,1,43.47,Medium
12,331,1,10,3,6,0,22,0,1121,29561,0,1,45.25,Medium
13,195,4,9,8,4,2,443,0,1405,3801,1,1,41.7,Medium
22,506,1,14,6,2,2,22,0,863,21839,0,1,48.08,Medium
14,132,2,12,1,3,5,22,0,776,27511,0,1,47.04,Medium
19,137,7,5,3,3,2,22,0,5732,45933,1,1,45.69,Medium
17,132,3,12,7,2,3,22,0,4878,7674,0,1,41.93,Medium
17,428,3,9,4,4,0,22,0,55302,7511,0,-1,52.25,Medium
23,97,3,5,6,2,0,22,0,2213,7231,0,1,40.58,Medium
22,263,8,7,4,3,1,22,0,24718,7925,1,-1,50.15,Medium
21,144,1,4,1,2,1,80,0,4154,12932,0,1,43.94,Medium
11,452,5,14,2,4,1,22,0,5027,5419,0,1,46.92,Medium
18,154,3,6,7,5,1,80,0,13896,35297,0,1,42.95,Medium
18,108,1,12,3,4,0,22,0,1994,3935,0,1,43.09,Medium
14,356,6,7,5,6,2,22,0,48696,48500,0,-1,55.86,Medium
27,164,1,8,5,6,0,443,0,29919,14536,0,-1,53.77,Medium
21,70,2,9,3,3,0,22,0,639,16076,0,1,41.55,Medium
18,455,1,8,5,3,3,8080,0,1263,89794,0,-1,57.61,Medium
15,239,3,7,4,1,0,22,0,4472,10985,0,1,41.44,Medium
15,56,3,10,3,6,2,22,0,2577,12618,0,1,40.62,Medium
16,87,5,8,7,3,3,443,0,2903,12207,0,1,42.57,Medium
15,521,3,8,8,3,2,22,0,2280,30953,0,1,43.44,Medium
17,351,3,12,3,1,3,22,0,822,942,0,1,43.62,Medium
13,334,3,9,4,6,1,22,0,10492,7650,1,1,41.03,Medium
14,186,2,8,2,4,0,22,0,4332,18536,0,1,42,Medium
9,338,0,8,8,2,3,22,0,1098,12408,0,1,47.82,Medium
17,238,3,6,4,3,1,443,0,22039,64684,0,1,47.38,Medium
20,135,1,11,3,6,3,22,0,2617,4194,0,1,42.16,Medium
29,155,4,5,7,4,0,22,0,8028,16297,0,1,46.39,Medium
10,119,7,11,5,7,1,22,0,2432,3222,1,1,47.29,Medium
18,566,1,9,4,5,2,443,0,1179,6090,0,1,45.37,Medium
20,734,1,13,4,5,3,22,0,1962,977,1,1,47.57,Medium
10,72,2,7,3,2,2,22,0,1762,12463,1,1,41.99,Medium
17,63,2,9,5,4,3,22,0,2443,4548,0,1,39.12,Medium
15,146,4,8,6,2,2,443,0,2931,30559,1,1,42.06,Medium
21,224,2,6,3,8,2,22,0,2442,6827,0,1,40.99,Medium
30,215,2,10,1,2,4,22,0,11163,3210,0,-1,50.18,Medium
28,192,1,6,3,4,2,443,0,1274,9441,0,1,47.32,Medium
23,263,2,5,5,5,0,80,0,10617,1939,0,1,42.57,Medium
16,337,2,8,2,6,2,22,0,5203,9881,0,1,40.96,Medium
16,234,2,8,3,3,1,22,1,8841,8822,0,-1,51.61,Medium
20,432,2,5,8,5,3,22,0,1967,1558,0,1,42.39,Medium
18,219,2,7,6,2,2,80,0,3086,7077,0,1,38.58,Medium
15,83,2,8,2,1,2,22,0,5114,11373,0,1,41.83,Medium
25,237,1,14,7,4,2,22,0,2553,61936,1,1,49.77,Medium
16,197,3,14,5,3,4,22,0,4869,17160,0,1,43.89,Medium
18,142,3,9,2,4,0,22,0,41330,6447,0,-1,50.21,Medium
16,272,1,10,6,4,4,80,0,2554,7370,0,1,42.18,Medium
20,286,4,10,3,4,3,22,0,2629,2971,1,1,39.92,Medium
21,104,3,7,2,5,4,80,0,6211,1850,0,1,41.76,Medium
15,32,3,9,3,4,1,22,0,3628,1863,0,1,40.26,Medium
20,106,3,15,3,5,2,22,0,1633,1443,0,1,45.15,Medium
14,130,2,7,4,1,3,80,0,1884,33455,0,1,42.65,Medium
32,383,5,7,5,5,2,80,1,2505,5564,1,-1,57.28,Medium
10,465,3,1,7,7,1,8080,0,616,19320,0,-1,58.8,Medium
23,121,4,12,9,4,2,80,0,1742,23782,0,1,43.82,Medium
15,19,4,9,3,3,3,22,0,8562,11870,1,1,41.82,Medium
16,100,1,6,5,4,0,80,0,4149,13821,0,1,41.84,Medium
17,190,2,10,7,6,5,22,0,1423,18765,0,1,43.05,Medium
14,231,4,9,10,3,4,22,0,2853,4380,0,1,44.18,Medium
17,332,3,7,8,2,2,22,0,7646,6756,0,1,40.44,Medium
16,119,5,5,4,5,1,22,0,4496,31828,0,1,40.87,Medium
17,142,5,6,4,4,0,22,0,2925,5163,0,1,40.23,Medium
20,221,2,7,3,6,2,22,0,2485,3670,1,1,38.63,Medium
18,85,8,7,3,3,0,22,0,3504,5134,0,1,47.01,Medium
17,67,5,5,7,1,4,22,0,4757,8160,0,1,43.59,Medium
17,177,3,6,3,5,1,22,0,6814,5408,0,1,38.59,Medium
21,128,1,11,5,5,3,22,0,22061,142963,0,-1,53.13,Medium
18,186,4,5,5,7,4,443,0,1360,8748,0,1,43.34,Medium
17,127,4,8,3,5,3,22,0,3555,8606,1,1,38.95,Medium
15,306,6,2,9,5,3,22,0,2079,8022,0,1,46.53,Medium
20,204,3,4,6,2,2,22,0,417,4578,0,1,39.55,Medium
22,244,4,11,6,3,5,443,0,2460,17476,0,1,45.59,Medium
15,151,1,10,6,3,1,22,0,540,4228,0,1,39.97,Medium
23,175,8,7,4,10,1,22,0,5084,16072,1,1,48.34,Medium
12,161,3,2,4,4,1,22,0,751,994,0,1,43.38,Medium
21,114,2,9,5,1,2,443,0,1646,7527,0,1,42.55,Medium
15,506,3,5,3,4,4,22,0,7303,17251,0,1,44.24,Medium
14,215,2,8,6,2,0,22,0,2566,15651,0,1,40.58,Medium
16,503,1,9,6,2,1,22,0,361,7170,0,1,44.05,Medium
17,506,2,7,3,3,2,22,0,1900,2513,0,1,40.84,Medium
14,106,3,8,7,5,3,80,0,2089,22851,0,1,40.24,Medium
19,215,5,14,6,2,6,443,0,10604,26745,1,-1,52.12,Medium
14,155,3,9,7,3,3,22,0,12421,5468,0,1,41.16,Medium
14,165,2,9,5,4,2,443,0,2540,83718,0,1,44.78,Medium
19,280,3,7,4,2,0,22,0,996,34574,0,1,41.35,Medium
15,249,1,5,11,2,1,22,0,1594,10970,0,1,45.27,Medium
17,172,6,5,3,7,1,443,0,2003,4780,0,1,44.8,Medium
21,226,3,7,2,6,1,80,0,39312,11932,0,-1,50.1,Medium
17,86,3,9,3,2,5,22,0,1106,11241,0,1,42.97,Medium
23,113,4,8,4,6,0,80,0,1351,2101,0,1,40.91,Medium
13,277,5,9,6,4,3,80,0,263,44220,0,1,43,Medium
23,57,1,12,5,5,2,80,0,4838,1075,0,1,44.14,Medium
16,531,3,7,5,4,3,22,0,9043,197637,0,-1,50.75,Medium
18,220,4,10,5,3,1,22,0,1543,36902,0,1,40.29,Medium
19,86,2,8,10,4,1,80,0,13049,9211,0,1,43.52,Medium
23,151,1,8,6,4,0,22,0,5441,1358,0,1,42.07,Medium
11,251,5,6,5,5,2,22,0,5346,13152,0,1,41.94,Medium
15,116,3,8,7,5,3,22,0,1654,16680,0,1,39.65,Medium
19,165,7,8,6,4,3,22,0,19461,10924,0,1,46.55,Medium
12,114,3,11,3,5,2,443,0,13678,14385,0,1,45.13,Medium
20,122,7,2,6,6,0,80,0,8288,7579,0,1,48.25,Medium
22,186,6,8,5,3,0,22,0,2689,1015,0,1,42.98,Medium
16,213,2,2,3,7,0,22,0,5545,13821,0,1,44.51,Medium
24,260,2,6,4,6,3,443,0,1146,1245,0,1,43.34,Medium
17,499,6,8,5,5,2,443,0,3302,2188,0,1,45.08,Medium
23,476,3,3,2,3,0,22,0,2995,7535,0,1,46.54,Medium
12,94,2,9,3,1,1,22,0,8222,16266,0,1,42.89,Medium
17,391,5,9,5,4,4,80,0,5925,1269,0,1,42.68,Medium
15,242,4,9,5,4,3,443,0,1733,8485,0,1,41.16,Medium
22,168,2,7,3,8,2,22,0,2978,1398,0,1,41.46,Medium
18,234,5,10,5,6,2,22,0,889,4332,1,1,39.39,Medium
21,336,2,9,9,7,2,443,0,5995,14678,0,1,44.26,Medium
21,106,1,7,7,0,2,80,0,5075,31769,0,1,45.56,Medium
27,47,5,8,2,1,1,22,1,2822,1770,1,-1,56.13,Medium
28,208,4,13,10,6,1,22,0,2077,5613,0,1,49.88,Medium
17,141,5,5,7,6,2,22,0,3132,2707,0,1,39.78,Medium
15,292,1,5,4,2,3,80,1,1874,13347,1,-1,53.94,Medium
15,346,3,12,8,2,1,22,0,5682,16470,0,1,43,Medium
18,32,3,7,6,3,3,22,0,1385,20173,0,1,40.19,Medium
21,193,8,11,6,6,1,22,0,3505,14201,0,1,47.13,Medium
20,5,4,8,3,2,2,22,0,1737,5335,0,1,40.68,Medium
12,141,2,7,7,3,0,22,1,3365,593,1,-1,54.52,Medium
27,273,5,9,4,5,3,443,0,1718,6111,0,1,45.55,Medium
20,146,4,8,7,1,1,80,0,751,30167,0,1,42.66,Medium
20,540,2,9,7,2,1,22,0,9154,3809,0,1,43.96,Medium
11,237,7,8,5,3,2,80,0,6490,1927,0,1,45.51,Medium
13,391,1,7,2,5,3,22,0,2524,1568,0,1,44.09,Medium
14,223,1,8,3,10,2,22,0,8663,69460,1,-1,50.3,Medium
18,137,2,6,6,8,1,22,0,3420,4720,0,1,40.94,Medium
18,167,1,6,7,1,3,22,0,2403,4796,0,1,42.36,Medium
20,226,6,9,5,7,2,22,0,152,4490,0,1,41.94,Medium
22,228,3,6,4,2,0,8080,0,8345,184,0,-1,54.55,Medium
21,277,3,10,3,6,2,22,0,8729,2103,0,1,40.62,Medium
23,321,3,12,6,6,3,22,0,241,2136,0,1,41.91,Medium
20,286,3,9,8,1,0,22,0,715,9734,0,1,43.28,Medium
17,295,3,6,2,3,2,22,0,1245,1275,0,1,39.5,Medium
22,292,2,5,6,2,2,22,0,1614,1490,0,1,40.1,Medium
21,204,2,8,6,0,4,22,0,13464,33117,0,1,47.05,Medium
15,209,3,9,8,8,3,443,0,822,23938,1,1,45.06,Medium
20,520,3,3,4,3,1,22,0,5779,23070,0,1,43.92,Medium
26,101,3,6,6,3,3,80,0,4158,41445,0,1,43.85,Medium
17,94,5,7,8,3,1,443,0,7222,4022,0,1,41.73,Medium
20,97,6,3,10,4,2,80,0,1063,2482,0,1,46.32,Medium
23,116,2,3,6,4,1,22,0,2872,5897,0,1,40.81,Medium
17,251,3,10,4,4,2,22,0,2289,2085,1,1,38.22,Medium
16,234,2,5,5,6,4,22,0,3151,29699,0,1,41.8,Medium
22,155,3,7,4,0,3,80,0,4511,3201,0,1,42.06,Medium
22,361,2,14,2,3,3,22,0,926,12582,0,1,45.8,Medium
16,309,1,10,4,4,0,22,0,14855,4322,0,1,42.93,Medium
9,182,1,4,8,4,1,80,0,1123,7524,0,1,45.65,Medium
13,307,2,8,5,8,2,22,0,1847,19179,1,1,41.61,Medium
14,340,4,7,6,3,0,22,0,5822,3254,0,1,41.79,Medium
21,125,5,5,5,3,1,443,0,5001,589,0,1,41.78,Medium
13,297,3,8,6,3,3,22,0,962,847,1,1,39.98,Medium
16,163,4,8,5,5,4,22,0,2462,1094,0,1,39.83,Medium
13,407,3,8,6,3,6,22,0,14549,4940,0,1,48.47,Medium
21,232,3,12,9,4,4,443,0,15217,32133,0,-1,50.18,Medium
23,89,3,7,4,2,2,443,0,10028,108436,0,1,48.28,Medium
14,182,0,7,4,7,2,22,0,2340,38004,0,1,45.03,Medium
17,451,5,5,4,5,2,22,0,3603,4355,1,1,40.21,Medium
26,493,3,5,3,5,2,80,0,1621,329986,0,-1,52.09,Medium
19,201,2,8,7,4,5,8080,0,507,10354,1,-1,54.23,Medium
19,155,5,4,2,3,2,443,0,1828,11659,1,1,43.54,Medium
14,289,1,10,8,1,2,22,0,3754,5914,0,1,43.51,Medium
24,205,4,7,3,4,0,80,0,4339,8708,0,1,41.88,Medium
20,142,7,9,5,5,2,22,0,3691,2765,1,1,42.59,Medium
25,289,3,10,5,2,3,443,0,2121,7149,0,1,44.23,Medium
11,451,4,7,4,4,2,22,0,2450,3029,0,1,41.66,Medium
20,114,2,11,7,2,0,22,0,1134,3204,0,1,41.91,Medium
17,154,1,2,3,8,0,80,0,4574,8711,0,1,48,Medium
15,379,6,5,6,2,1,22,0,631,3408,0,1,42.44,Medium
14,73,3,14,2,4,3,443,0,5226,4862,0,1,47.65,Medium
14,172,1,8,3,5,1,22,0,2111,7789,0,1,40.14,Medium
18,314,2,11,1,2,1,22,0,3826,13946,0,1,42.96,Medium
16,166,2,8,4,4,2,8080,0,1096,18575,0,-1,50.67,Medium
16,74,5,5,6,3,0,22,1,1896,9342,1,-1,52.95,Medium
20,253,3,7,5,1,4,80,0,2570,22587,0,1,42.4,Medium
18,128,2,3,8,5,1,443,0,16618,55757,0,1,49.28,Medium
17,56,1,10,10,2,2,22,0,17040,16748,0,1,47.6,Medium
11,150,2,13,4,7,2,80,1,12492,11986,1,-1,55.12,Medium
15,513,3,11,5,3,1,8080,0,5379,17777,0,-1,54.87,Medium
16,441,8,7,5,3,1,443,1,484,6327,1,-1,58.06,Medium
16,144,8,9,3,3,2,22,0,5370,4381,0,1,44.68,Medium
21,213,4,12,5,6,1,22,0,6055,13098,0,1,40.42,Medium
16,225,3,2,8,3,2,22,0,1511,8250,0,1,42.44,Medium
24,45,2,9,3,1,1,22,0,1546,3819,0,1,42.42,Medium
20,277,0,7,5,7,2,443,0,21129,8049,0,-1,51.18,Medium
10,337,1,8,4,6,1,22,0,2798,29198,1,1,44.85,Medium
15,261,1,8,5,4,2,22,0,14749,3516,0,1,40.81,Medium
15,181,2,7,7,4,0,22,0,3017,9999,0,1,40.32,Medium
19,262,3,8,4,3,2,22,0,8968,14461,0,1,38.43,Medium
20,208,1,6,8,5,2,22,1,2195,12011,1,-1,53.15,Medium
15,225,2,7,3,5,2,22,0,2058,496,0,1,38.66,Medium
26,231,4,10,4,5,2,8080,0,9832,4271,1,-1,54.27,Medium
19,301,3,5,5,2,2,22,0,30744,12855,0,1,46.12,Medium
11,16,5,7,3,5,4,22,0,1720,3845,1,1,44.88,Medium
20,126,2,10,1,2,2,22,1,3795,32215,0,-1,55.68,Medium
19,404,3,10,6,4,0,80,0,4208,30641,0,1,43.58,Medium
26,379,0,8,6,4,1,22,0,2185,7292,0,1,45.68,Medium
22,57,2,3,5,2,2,22,1,7247,24187,1,-1,54.4,Medium
15,112,4,5,1,4,2,22,0,7531,4531,0,1,41.39,Medium
15,123,3,4,7,6,1,22,0,3839,59355,0,1,44.34,Medium
26,197,5,7,4,3,4,22,0,16584,12163,0,1,45.8,Medium
21,321,5,10,4,0,2,443,0,9841,9124,0,1,46.52,Medium
21,211,4,9,5,4,4,22,0,12071,24644,0,1,41.55,Medium
18,135,2,12,4,2,1,443,0,5191,15735,0,1,42.59,Medium
24,179,3,6,13,2,1,22,0,8790,2257,0,1,48.84,Medium
18,179,3,8,7,5,1,22,0,1714,9627,0,1,38.23,Medium
18,255,1,6,6,5,5,8080,1,8744,17563,1,-1,62.75,High
14,302,4,6,4,4,2,22,0,1170,54240,0,1,41.1,Medium
19,371,0,7,2,2,1,80,1,2064,1294,1,-1,56.8,Medium
21,81,3,7,7,3,2,8080,0,5744,41603,0,-1,53.33,Medium
19,241,2,8,5,7,4,22,0,4697,64968,0,1,44.55,Medium
17,157,2,2,3,4,2,80,0,2837,31692,0,1,42.78,Medium
17,253,5,13,7,2,2,8080,0,6592,9866,0,-1,55.59,Medium
21,130,3,9,3,3,2,22,0,2033,1674,0,1,38.4,Medium
18,69,1,6,5,5,0,22,0,353,11096,0,1,42.26,Medium
21,109,3,3,3,5,3,80,0,1243,11453,0,1,41.81,Medium
14,149,4,8,1,8,1,22,0,4422,3229,0,1,43.49,Medium
21,252,1,7,13,3,4,443,0,1452,7806,0,-1,50.98,Medium
19,107,1,9,8,3,2,22,0,15540,3614,0,1,42.69,Medium
22,397,5,4,6,1,2,22,0,3782,1597,0,1,43.64,Medium
21,156,2,7,1,1,0,22,0,4464,17370,0,1,44.28,Medium
25,519,0,8,4,3,1,443,0,11886,6963,0,-1,50.23,Medium
20,344,1,9,3,3,3,80,0,7721,1207,0,1,42.74,Medium
17,299,3,10,2,6,2,22,0,2317,7851,1,1,40.16,Medium
16,276,3,6,5,1,1,80,0,3261,3030,0,1,39.65,Medium
8,35,8,3,3,2,0,22,0,1623,21185,1,-1,54.23,Medium
16,153,1,8,7,8,0,22,0,34131,9174,0,-1,51.79,Medium
10,310,7,8,3,2,1,22,1,11086,46835,1,-1,60.55,High
12,235,2,6,4,3,0,22,0,2509,12090,0,1,41.08,Medium
17,223,3,6,4,9,1,8080,0,1566,17840,0,-1,54.13,Medium
18,152,1,8,9,7,5,80,0,4305,3549,0,1,46.89,Medium
21,68,1,7,2,4,0,22,0,3312,5100,0,1,43.23,Medium
20,64,5,8,4,3,1,80,0,4038,4473,0,1,39.99,Medium
21,122,3,3,4,4,1,22,0,362,4755,0,1,40.92,Medium
16,104,4,13,5,4,2,8080,0,1632,3036,0,-1,53.89,Medium
14,233,0,8,4,2,1,22,0,5035,10135,0,1,42.52,Medium
15,98,1,15,10,3,2,22,0,5896,19872,0,1,48.5,Medium
17,300,2,6,10,5,2,8080,0,1194,9464,0,-1,53.39,Medium
22,106,3,8,9,2,3,443,1,577,104038,1,-1,58.93,Medium
26,102,2,12,1,3,1,80,0,30761,4198,0,-1,52.63,Medium
21,91,2,9,4,7,1,22,0,10724,4314,1,1,41.1,Medium
21,99,5,9,2,7,0,80,0,736,4427,0,1,44.37,Medium
24,317,7,8,6,3,1,443,0,1407,2092,0,1,46.08,Medium
24,57,2,9,6,1,0,22,0,21015,81852,0,-1,52.95,Medium
23,95,4,9,5,3,0,22,0,790,19994,0,1,41.51,Medium
34,101,5,7,5,2,1,22,0,2450,3469,0,1,44.63,Medium
18,179,1,9,4,2,6,80,0,7135,24443,1,1,47.25,Medium
23,159,7,8,8,2,3,8080,0,2398,11467,0,-1,57.59,Medium
25,40,5,8,5,5,3,22,0,3598,49950,0,1,46.42,Medium
12,147,3,8,4,6,2,22,0,731,185460,0,-1,50.09,Medium
21,118,6,8,4,4,1,22,0,1048,5144,0,1,40.69,Medium
20,162,5,5,3,4,1,22,0,1093,5577,0,1,40.05,Medium
15,185,0,11,3,2,1,22,0,3638,2757,0,1,44.15,Medium
10,248,3,4,6,1,2,22,0,3684,2186,0,1,43.62,Medium
24,122,4,8,5,5,1,22,0,35733,50750,0,-1,50.56,Medium
15,119,6,12,6,1,5,80,0,4594,1768,1,1,48.85,Medium
9,220,3,8,3,4,1,22,0,434,4000,0,1,42.22,Medium
17,274,2,4,5,4,2,22,0,10027,890,0,1,39.8,Medium
19,52,3,7,4,2,2,80,0,3255,10107,0,1,38.95,Medium
16,328,7,6,6,4,1,80,0,14895,6518,0,1,45.86,Medium
20,978,2,9,4,4,1,22,0,5423,20671,0,1,46.09,Medium
18,166,2,5,5,7,2,8080,0,13077,4915,0,-1,52.16,Medium
15,211,6,9,1,4,4,443,0,616,536,1,1,47.33,Medium
13,363,5,8,1,3,1,22,0,4691,13225,0,1,43.59,Medium
17,698,3,12,3,6,3,22,0,1652,3201,0,1,44.62,Medium
19,333,5,9,3,4,3,22,0,7244,24032,1,1,41.98,Medium
15,373,2,9,7,5,0,8080,0,2791,2608,0,-1,54.66,Medium
21,145,7,7,4,7,3,22,0,4435,24824,0,1,44.65,Medium
19,442,3,6,4,5,2,22,0,2666,5168,0,1,39.01,Medium
24,358,3,9,8,2,4,443,0,1117,2199,0,1,46.7,Medium
21,523,4,4,9,4,2,80,0,2258,4703,0,1,44.78,Medium
25,312,4,12,7,3,2,22,0,1522,4811,0,1,42.16,Medium
14,151,3,3,5,2,1,80,0,15240,21857,0,1,43.64,Medium
22,126,3,8,5,3,5,80,0,8836,944,0,1,42.9,Medium
17,283,1,9,5,3,3,22,0,12400,8104,0,1,41.31,Medium
21,213,4,2,9,2,1,443,0,2195,8043,0,1,47.16,Medium
19,196,1,10,8,7,2,443,0,6510,1932,0,1,44.83,Medium
19,155,2,9,5,4,1,22,0,25208,12668,0,1,43.67,Medium
18,435,4,6,3,5,3,22,0,988,419,0,1,41.39,Medium
22,137,1,10,4,4,2,22,0,7073,11372,0,1,40.48,Medium
12,28,1,7,5,1,3,22,0,364,37841,0,1,46.16,Medium
22,165,6,4,4,4,0,22,0,7953,3409,0,1,43.54,Medium
15,282,5,11,6,5,3,22,0,2133,2848,0,1,40.9,Medium
18,68,2,7,7,6,0,22,0,4862,50101,0,1,44.72,Medium
23,75,3,8,5,5,2,443,0,1514,1009,0,1,41.61,Medium
15,284,1,7,8,8,3,8080,0,2135,35693,0,-1,58.35,Medium
22,116,2,4,5,5,0,80,0,12741,4443,0,1,43.02,Medium
13,551,3,15,3,5,2,8080,0,2537,1810,0,-1,58.92,Medium
10,107,1,13,8,6,0,22,0,2044,5213,0,1,48.15,Medium
23,153,2,6,6,0,0,22,0,3083,2388,0,1,43.28,Medium
24,124,1,16,10,5,5,22,0,11992,4722,0,-1,56.73,Medium
11,380,1,12,6,9,2,22,0,2656,556,0,1,48.05,Medium
15,124,3,1,4,0,4,22,0,1204,2764,0,1,46.94,Medium
18,82,2,5,6,4,1,22,0,7967,445,0,1,39.85,Medium
23,80,5,12,5,6,3,22,0,9901,15198,0,1,43.24,Medium
19,210,2,13,6,3,3,443,0,2634,10402,0,1,43.37,Medium
21,97,2,4,9,4,3,22,0,10685,43073,0,1,45.7,Medium
14,446,1,7,3,2,3,22,0,971,49314,0,1,45.8,Medium
22,65,7,12,5,5,7,22,0,8706,7305,1,-1,51.43,Medium
16,77,4,3,7,6,1,22,0,1888,5384,0,1,42.55,Medium
17,235,0,12,6,3,2,22,0,2980,35738,0,1,46.07,Medium
23,371,4,9,5,6,3,22,0,2709,4547,1,1,40.47,Medium
11,112,5,12,5,2,1,22,0,17241,18076,0,1,46.15,Medium
19,390,1,12,6,8,2,22,0,1058,12736,0,1,44.77,Medium
22,245,2,8,4,4,3,22,0,4156,5494,0,1,39.62,Medium
23,167,2,14,1,3,2,22,0,661,12335,0,1,45.21,Medium
11,208,5,8,3,4,0,80,0,6402,1654,0,1,43.98,Medium
13,172,5,9,10,6,3,22,0,1367,33993,0,1,45.69,Medium
20,331,3,7,5,4,1,22,0,1290,2896,0,1,38.67,Medium
23,300,1,5,3,1,1,8080,0,17285,5852,0,-1,57.83,Medium
13,615,3,11,3,7,0,443,0,13826,22155,0,-1,51.72,Medium
20,111,2,11,1,1,6,22,0,6642,74289,0,-1,54.61,Medium
25,122,6,9,6,4,4,22,0,2858,21039,1,1,44.82,Medium
18,525,5,5,3,4,3,22,1,2423,157136,1,-1,57.49,Medium
19,232,2,10,7,4,4,22,1,3755,64222,1,-1,55.72,Medium
11,267,1,7,4,3,2,22,0,4815,20918,0,1,42,Medium
18,212,1,10,5,5,4,443,1,1655,2329,1,-1,54.96,Medium
22,121,3,12,5,1,1,80,0,8173,13242,0,1,42.9,Medium
21,430,2,6,5,5,1,443,0,50,47537,0,1,44.52,Medium
25,294,5,10,5,2,2,443,0,1527,6496,0,1,44.8,Medium
16,197,2,7,7,1,2,80,0,3999,2987,0,1,41.11,Medium
17,664,1,11,5,3,7,22,0,2765,9545,0,-1,50.7,Medium
19,215,4,10,3,4,3,22,0,10473,1622,0,1,40.3,Medium
25,148,8,9,3,3,3,80,0,1022,55258,0,-1,50.88,Medium
18,286,1,5,8,5,3,443,0,1089,4702,0,1,45.28,Medium
16,101,5,9,9,2,5,22,0,2402,15554,0,1,45.08,Medium
12,243,6,14,4,4,3,22,0,4585,32636,0,1,48.17,Medium
16,24,5,10,2,2,0,22,0,1834,1536,0,1,45.04,Medium
18,59,6,7,5,5,2,22,0,13505,10535,0,1,41.86,Medium
13,36,2,5,2,7,1,22,0,1229,324,0,1,43.85,Medium
16,200,3,8,4,3,2,80,0,1628,29122,0,1,38.98,Medium
17,137,6,12,6,8,4,22,0,465,4484,1,1,46.29,Medium
13,379,3,8,3,3,0,22,0,1536,3573,0,1,41.94,Medium
17,376,3,6,9,7,1,22,0,3470,76025,0,1,45.96,Medium
18,131,4,6,6,3,3,22,0,1504,5310,0,1,38.56,Medium
15,224,2,3,4,1,4,22,0,7924,13389,0,1,43.97,Medium
22,303,2,12,5,3,0,22,0,1331,2157,0,1,42.52,Medium
17,28,1,13,3,5,1,22,0,14348,77,0,1,46.48,Medium
17,180,1,7,10,6,6,22,0,5776,446,0,-1,50.11,Medium
16,164,4,5,5,7,3,443,0,1153,21864,0,1,42.31,Medium
18,167,2,8,9,4,0,80,0,1696,29291,0,1,42.06,Medium
25,349,1,9,4,4,3,22,0,3183,7885,1,1,43.39,Medium
22,456,4,6,5,3,1,80,0,11713,23429,0,1,41.88,Medium
12,226,2,14,3,3,5,8080,0,6094,18046,1,-1,59.36,Medium
17,11,1,6,2,4,1,80,0,2581,27604,0,1,44.39,Medium
16,147,2,11,5,5,3,22,0,11885,14854,0,1,41.2,Medium
17,225,5,10,2,3,1,22,0,1006,6628,0,1,40.73,Medium
19,307,4,6,5,3,1,22,0,13485,2407,0,1,39.59,Medium
26,164,2,5,7,3,3,22,0,1991,6643,0,1,42.68,Medium
11,71,2,4,6,6,2,443,1,15248,5032,1,-1,57.13,Medium
19,128,4,7,10,5,1,22,0,4425,62695,0,1,44.44,Medium
9,181,1,8,5,3,5,443,1,4279,4258,1,-1,58.37,Medium
14,115,4,7,5,7,0,443,0,3113,10484,0,1,43.1,Medium
21,236,2,7,3,6,3,22,0,653,3724,0,1,40.04,Medium
15,145,4,6,8,7,4,22,0,1698,2463,1,1,41.87,Medium
10,233,0,5,5,4,2,22,0,551,27595,0,1,46.08,Medium
17,89,2,7,6,2,1,80,0,4537,9195,0,1,38.95,Medium
13,580,3,8,6,2,2,443,0,793,24440,0,1,46.47,Medium
21,44,3,4,4,4,2,22,0,6112,130325,0,1,46.94,Medium
17,150,1,11,6,1,1,22,0,9915,25595,0,1,44.07,Medium
18,496,2,9,6,3,4,22,0,6375,53809,0,1,45.76,Medium
21,195,3,8,4,4,2,22,0,2679,35250,0,1,39.39,Medium
19,499,4,8,5,0,5,80,0,6072,1564,0,1,47.63,Medium
16,195,7,12,9,4,3,80,0,3374,1970,1,1,47.95,Medium
22,456,3,6,11,5,1,22,0,3979,7631,0,1,45.19,Medium
17,402,3,6,4,8,2,80,1,488,4022,1,-1,52.47,Medium
19,861,0,7,1,5,0,22,0,10481,8576,0,-1,54.83,Medium
19,55,1,8,9,2,0,80,0,3544,3848,0,1,44.86,Medium
19,89,3,4,5,4,5,8080,0,4764,6659,1,-1,54.2,Medium
22,126,4,4,6,3,1,80,0,829,3296,0,1,39.98,Medium
18,373,6,3,6,5,1,22,0,1775,991,0,1,43.09,Medium
12,164,1,6,6,2,4,22,0,4479,4186,0,1,42.63,Medium
19,127,2,7,8,0,2,22,0,37367,31457,0,-1,51.97,Medium
14,97,2,6,4,4,4,443,0,8211,6367,0,1,43.49,Medium
20,218,2,9,3,9,2,80,0,4181,21316,0,1,43.16,Medium
23,168,4,6,4,4,3,22,0,3571,4168,0,1,38.9,Medium
24,533,5,10,7,4,4,80,0,258,21062,0,1,47.73,Medium
12,55,2,7,8,3,2,22,0,9487,2520,0,1,42.19,Medium
16,86,4,7,9,8,1,22,0,12355,28931,0,1,46.53,Medium
19,336,4,5,5,3,4,8080,0,2148,6694,0,-1,54.75,Medium
17,344,2,14,8,1,4,8080,0,10328,12223,0,-1,59.42,Medium
12,202,1,9,3,3,4,22,0,2633,15903,0,1,42.45,Medium
17,312,3,7,5,5,4,22,0,2073,29244,0,1,40.93,Medium
22,209,0,5,1,2,3,22,0,2144,18289,0,1,46.25,Medium
21,291,4,6,6,3,2,22,0,6124,8823,0,1,38.87,Medium
20,59,6,7,3,3,3,443,0,1089,1789,0,1,45.71,Medium
13,173,0,7,2,2,4,22,0,1388,3105,0,1,45.67,Medium
15,52,1,7,7,3,1,22,0,2587,1675,0,1,41.21,Medium
21,165,4,16,6,3,2,22,0,1256,21391,1,1,45,Medium
24,277,4,16,6,5,3,443,0,4353,9232,0,1,47.87,Medium
17,129,5,9,3,6,0,22,0,2619,12093,1,1,41.55,Medium
20,402,5,5,5,3,3,22,0,2353,5221,0,1,41.57,Medium
8,130,1,7,6,3,1,80,0,513,7376,0,1,44.03,Medium
17,88,5,7,3,4,1,22,0,1439,9786,1,1,39.51,Medium
24,152,1,10,3,3,1,80,0,2946,3877,0,1,41.76,Medium
12,234,5,10,4,1,1,22,1,12420,4760,1,-1,53.1,Medium
24,151,0,9,4,3,2,80,0,976,2362,0,1,43.79,Medium
20,663,2,6,8,7,6,22,0,6162,2637,1,-1,50.86,Medium
20,40,2,6,4,2,4,80,0,4245,9572,0,1,41.34,Medium
18,409,1,10,4,10,0,22,0,4277,45654,0,-1,50.71,Medium
15,196,5,10,8,2,5,80,0,3307,2648,0,1,44.94,Medium
18,271,7,13,1,5,2,80,0,6142,48098,0,-1,50.55,Medium
17,76,3,10,6,8,3,22,0,549,3926,1,1,41.52,Medium
18,127,2,5,4,6,4,22,0,8582,6528,0,1,41.28,Medium
28,143,4,8,2,3,0,22,1,1984,11394,0,-1,57.36,Medium
16,185,1,9,4,5,3,80,0,1904,11687,0,1,40.69,Medium
17,234,3,14,2,1,3,22,0,556,6836,0,1,45.94,Medium
18,273,0,10,7,4,1,22,0,2052,1179,0,1,42.87,Medium
16,182,4,6,6,1,0,22,0,16247,17283,0,1,43.74,Medium
14,147,3,9,3,4,2,22,0,5484,6180,0,1,38.67,Medium
20,244,4,8,7,6,2,22,0,547,5439,0,1,39.22,Medium
21,380,2,11,4,7,3,443,0,5353,3961,0,1,45.02,Medium
22,146,2,8,9,5,1,80,0,1942,14398,0,1,41.02,Medium
18,67,1,8,6,0,1,80,0,1631,81120,0,1,48.59,Medium
20,154,3,8,9,2,4,22,0,6557,25966,0,1,44.49,Medium
17,54,5,9,9,5,5,80,0,1130,9668,0,1,45.74,Medium
20,103,3,6,7,3,2,22,0,1232,14227,0,1,38.77,Medium
15,189,2,8,3,9,1,8080,0,2532,1233,0,-1,55.06,Medium
24,522,5,17,5,3,2,22,0,2626,85456,0,-1,51.98,Medium
21,48,1,12,5,4,0,80,0,27073,28870,0,-1,50.4,Medium
17,207,3,13,6,4,3,80,0,4907,9699,0,1,41.28,Medium
16,385,2,13,4,3,2,80,0,461,11389,0,1,43.33,Medium
24,75,6,9,5,3,0,80,0,16794,74250,0,-1,51.03,Medium
16,342,2,1,8,7,1,22,0,2599,2708,1,1,44.65,Medium
15,174,4,5,3,4,4,22,0,3488,2173,0,1,40.27,Medium
19,949,3,10,8,5,1,80,0,4311,1811,1,1,48.46,Medium
10,51,3,10,8,6,1,22,0,1118,40379,1,1,46.55,Medium
15,440,5,7,7,4,1,8080,0,734,2507,0,-1,54.09,Medium
20,134,2,11,4,4,2,22,0,187,1455,0,1,40.37,Medium
21,225,2,11,1,1,3,22,0,3795,1282,0,1,45.33,Medium
16,103,1,7,5,4,1,22,0,3131,980,0,1,39.55,Medium
26,112,2,3,6,1,0,443,0,968,3599,0,1,49.65,Medium
13,235,4,9,5,2,1,22,0,1050,19672,0,1,39.34,Medium
21,242,3,8,11,4,2,80,0,1235,21989,1,1,43.74,Medium
19,244,3,8,5,6,0,22,0,2505,10887,0,1,39.65,Medium
17,89,2,5,6,2,6,22,0,4037,759,0,1,44.95,Medium
17,136,3,7,9,1,2,22,0,6144,53525,0,1,45.15,Medium
18,128,2,8,3,3,1,8080,0,5323,2623,0,-1,51.45,Medium
12,150,4,8,3,5,1,22,0,10352,11488,0,1,40.68,Medium
17,200,5,7,4,4,1,22,0,1757,133166,0,1,46.61,Medium
22,248,7,4,8,6,1,22,0,7341,1405,1,1,46.01,Medium
17,192,5,5,1,4,3,22,0,18332,2379,0,1,44.84,Medium
21,91,2,8,2,1,1,80,0,19441,4098,0,1,45.88,Medium
15,362,4,9,5,4,1,22,0,7198,24379,0,1,39.94,Medium
20,86,2,7,5,8,0,22,0,19488,6887,0,1,45.06,Medium
24,113,2,9,7,7,2,80,0,5494,717,0,1,41.64,Medium
14,146,7,14,9,4,2,443,0,19568,66167,0,-1,57.03,Medium
15,276,0,4,4,6,0,22,0,2815,2691,0,1,45.28,Medium
17,285,6,9,7,3,4,22,0,8823,4306,0,1,44.29,Medium
13,129,3,6,5,7,0,22,0,7747,2641,0,1,41.03,Medium
24,273,4,7,4,4,3,22,0,3997,9325,0,1,39.71,Medium
17,165,4,5,5,6,0,443,0,42076,22062,0,-1,52.44,Medium
12,550,3,7,7,4,3,22,0,18266,5625,0,1,49.07,Medium
10,115,1,12,2,1,3,22,0,2251,7804,0,1,48.02,Medium
13,444,1,13,4,6,1,80,1,4418,19613,1,-1,57.27,Medium
13,150,5,7,7,3,0,22,1,2088,4368,0,-1,53.46,Medium
22,162,3,11,3,5,2,22,0,19544,12045,0,1,42.94,Medium
14,311,2,5,2,2,2,22,0,5191,7881,0,1,41.4,Medium
16,153,5,8,9,3,1,22,0,356,1244,0,1,41.65,Medium
21,302,4,10,5,3,1,443,0,1012,25955,0,1,43.42,Medium
21,24,4,5,6,2,3,22,0,1524,7723,0,1,42.16,Medium
22,190,3,7,4,3,2,22,0,4937,27035,0,1,38.61,Medium
11,415,2,11,7,3,0,22,0,1317,5937,0,1,45.26,Medium
18,216,4,5,6,7,1,22,0,5920,9098,0,1,39.55,Medium
19,73,1,11,6,5,1,22,0,1883,1711,0,1,41.78,Medium
19,156,4,4,6,5,2,22,0,76163,987,0,-1,50.2,Medium
18,101,3,5,3,3,3,80,1,14194,7481,1,-1,52.04,Medium
20,154,4,10,6,3,2,80,0,1604,17534,0,1,38.95,Medium
24,349,3,7,4,2,1,22,0,71882,3388,0,-1,52.47,Medium
16,127,2,9,3,1,3,80,0,9721,2043,0,1,43.1,Medium
12,105,2,4,4,4,2,22,0,2695,7391,0,1,40.28,Medium
19,182,4,9,7,4,1,22,0,19337,24793,0,1,42.69,Medium
16,178,3,16,3,5,1,80,0,1917,34595,0,1,48.14,Medium
14,241,2,5,7,8,1,8080,0,4088,135184,0,-1,59.53,Medium
16,192,0,16,4,8,1,22,0,1104,10416,0,-1,50.34,Medium
20,164,3,9,2,3,1,8080,0,20179,474373,0,-1,64.62,High
17,272,3,8,2,5,3,443,0,1920,10014,0,1,42.22,Medium
12,98,2,9,3,4,2,80,0,1446,3872,0,1,40.06,Medium
24,337,2,4,5,2,2,22,0,922,19134,0,1,41.41,Medium
19,116,2,6,4,5,4,22,0,5098,11341,0,1,40.01,Medium
24,145,1,7,4,5,1,22,1,8840,25292,0,-1,53.89,Medium
16,36,1,10,5,3,3,22,0,1704,46146,0,1,43.54,Medium
27,773,3,2,7,9,2,22,0,1102,10808,1,-1,56.33,Medium
21,326,0,12,2,3,1,443,0,2189,3162,0,1,47.53,Medium
24,159,2,5,4,1,1,22,0,4380,6453,0,1,41.46,Medium
15,156,3,7,9,3,3,443,0,5332,28457,1,1,44.84,Medium
18,143,5,5,3,8,0,443,0,938,7146,0,1,46.25,Medium
20,66,5,8,4,5,1,22,0,1496,13032,1,1,39.89,Medium
13,233,2,7,3,2,1,22,0,1904,7499,0,1,39.43,Medium
26,55,3,7,6,2,1,22,0,1788,61406,0,1,45.72,Medium
16,509,6,8,4,4,4,22,0,7526,6695,1,1,45.71,Medium
18,239,1,7,5,5,3,443,0,3460,4847,0,1,42.31,Medium
17,300,1,13,2,3,1,80,0,3614,4036,1,1,43.9,Medium
12,1102,3,8,7,4,3,22,0,1053,4654,0,1,49.03,Medium
16,126,5,11,4,6,3,80,0,3814,46205,1,1,44,Medium
22,124,6,8,6,6,3,22,0,13775,12572,0,1,43.52,Medium
12,82,2,11,4,4,3,22,0,9813,33005,0,1,43.95,Medium
14,70,3,12,4,8,0,22,1,2549,2386,0,-1,55.07,Medium
25,128,2,5,6,4,4,443,0,17053,20067,0,1,48.77,Medium
18,214,4,5,6,5,5,22,0,5291,14626,1,1,41.88,Medium
15,197,2,7,7,5,1,443,0,32907,2297,0,1,49.83,Medium
18,152,3,6,7,3,1,80,0,2839,14674,0,1,38.99,Medium
9,176,4,9,4,2,4,443,0,986,35897,0,1,46.74,Medium
16,196,0,7,7,5,3,22,0,4909,20615,1,1,44.19,Medium
12,213,5,8,5,3,2,80,0,1605,23920,0,1,40.48,Medium
23,269,0,6,3,2,1,22,0,2234,2818,0,1,43.4,Medium
28,150,1,9,7,5,2,22,0,5159,1813,0,1,45.17,Medium
18,995,4,7,7,6,3,22,0,1083,32991,1,1,49.73,Medium
12,36,3,10,3,5,1,22,0,3506,43348,1,1,43.91,Medium
24,326,4,6,5,5,1,80,0,1051,13988,0,1,40.45,Medium
18,478,2,8,2,7,0,22,0,6163,13463,0,1,45.32,Medium
16,165,3,5,6,4,4,80,0,4308,114402,0,1,48.16,Medium
13,94,6,5,5,6,2,22,0,4284,33376,0,1,43.53,Medium
22,212,3,7,5,1,2,22,0,3229,6758,0,1,39.04,Medium
19,193,2,10,3,3,1,22,0,25185,4541,0,1,44.8,Medium
15,542,2,7,1,1,2,80,1,8695,16947,1,-1,58.78,Medium
17,356,3,11,10,3,1,443,0,1665,9469,0,1,45.45,Medium
19,209,1,5,5,5,4,80,0,2432,17762,0,1,42.06,Medium
19,485,6,4,7,5,2,22,0,14527,552,0,1,46.12,Medium
19,484,4,12,8,6,3,443,0,2894,46066,1,1,49.68,Medium
16,145,1,6,5,5,3,22,0,11380,11140,1,1,41.26,Medium
13,236,3,12,3,2,5,22,0,7349,1338,0,1,46.16,Medium
17,457,0,10,6,1,3,22,0,5244,507,0,1,46.96,Medium
12,215,1,6,6,3,1,22,0,843,34391,0,1,42.18,Medium
22,179,4,14,5,6,2,80,0,2957,6479,0,1,41.96,Medium
26,101,4,5,5,4,4,80,0,9787,6553,1,1,43.26,Medium
18,142,1,11,3,4,3,80,0,5209,16892,0,1,42.52,Medium
18,123,3,7,6,1,3,22,0,4730,9889,0,1,40.5,Medium
21,56,3,12,6,3,1,22,0,1967,20171,0,1,41.02,Medium
25,275,3,9,2,1,5,22,0,814,7710,0,1,46.27,Medium
18,87,4,11,6,3,1,80,0,5436,8861,0,1,40.4,Medium
14,182,2,13,6,0,2,22,0,5351,4732,1,1,45.3,Medium
19,123,5,11,5,0,2,22,0,2010,9213,0,1,43.11,Medium
22,383,3,6,5,5,2,80,0,233,3661,0,1,39.96,Medium
19,375,1,8,6,3,5,22,0,2170,4325,0,1,44.96,Medium
25,246,6,10,4,3,5,22,0,1099,40321,1,1,49.22,Medium
16,138,2,9,2,3,0,22,0,2540,12616,0,1,41.47,Medium
16,214,3,7,8,6,7,22,0,5620,5137,0,1,47.22,Medium
19,99,3,7,6,4,2,22,0,1153,23412,0,1,38.25,Medium
20,331,3,6,5,3,3,22,0,16198,9343,0,1,41.86,Medium
11,235,1,9,5,3,0,443,0,8276,5854,0,1,46.5,Medium
23,284,0,6,4,5,3,80,0,4374,3213,0,1,44.55,Medium
21,111,3,7,3,6,0,22,0,1738,24647,0,1,41.03,Medium
17,89,4,6,2,2,1,22,0,5427,3782,0,1,40.22,Medium
23,258,1,6,4,5,2,22,0,2207,5632,0,1,40.6,Medium
16,218,3,9,4,6,1,443,0,2792,15847,0,1,41.21,Medium
10,294,1,13,4,3,3,80,0,4232,10327,0,1,45.32,Medium
19,237,2,9,4,3,1,443,0,9608,83641,0,1,45.57,Medium
12,44,1,13,9,5,0,22,0,1734,1504,0,1,49.08,Medium
31,176,2,8,2,7,1,22,1,3059,3159,0,-1,56.4,Medium
16,272,1,4,5,7,0,22,0,12594,21896,0,1,44.87,Medium
15,275,3,9,6,4,2,22,0,4029,65306,0,1,41.51,Medium
11,7,1,7,5,8,5,22,0,1027,45040,0,-1,51.78,Medium
17,76,7,5,7,6,1,8080,0,17068,5960,0,-1,57.54,Medium
18,545,4,8,3,2,1,22,1,791,68152,1,-1,57.65,Medium
16,261,2,10,7,9,1,22,0,845,10905,0,1,43.33,Medium
19,270,7,9,4,3,1,22,0,2304,4610,0,1,42.51,Medium
14,288,4,10,8,4,2,22,0,25271,9210,0,1,45.1,Medium
17,214,4,5,3,3,4,22,0,5249,8099,0,1,40.44,Medium
19,308,2,4,5,2,1,80,0,7713,2563,0,1,40.52,Medium
23,280,2,9,5,4,6,22,0,657,15133,0,1,45.52,Medium
14,140,2,8,9,0,2,22,0,9650,635,0,1,44.72,Medium
18,481,2,12,3,3,0,80,0,14440,1833,0,1,47.37,Medium
27,105,2,7,3,7,1,80,0,1931,15350,0,1,43.44,Medium
21,144,6,11,4,6,3,80,0,5786,10367,0,1,43.94,Medium
17,296,4,7,8,4,2,80,0,1668,1510,0,1,39.97,Medium
14,87,4,10,5,2,2,80,0,8101,44105,1,1,42.41,Medium
22,286,3,11,2,5,2,22,0,2117,11478,0,1,40.67,Medium
16,458,1,10,5,5,0,80,0,16902,2168,0,1,46.82,Medium
19,264,3,14,6,6,1,443,0,2356,9295,0,1,44.55,Medium
20,248,4,6,4,6,1,80,0,375,1426,1,1,39.98,Medium
19,265,3,10,3,2,4,80,0,6897,2485,0,1,42.28,Medium
24,170,1,7,3,1,3,80,0,5751,56766,0,1,47.28,Medium
21,404,4,9,6,2,2,80,0,906,1858,0,1,41.18,Medium
23,439,2,7,7,3,1,22,0,1260,23380,0,1,41.71,Medium
18,102,3,14,6,4,1,22,0,5140,11380,0,1,42.06,Medium
11,146,3,7,9,4,2,22,0,4153,3131,0,1,42.28,Medium
12,238,1,8,6,9,1,80,0,526,1100,0,1,45.72,Medium
23,113,1,14,11,1,0,22,0,693,9771,0,-1,52.16,Medium
17,67,8,11,4,4,3,22,0,23265,33069,1,-1,53.41,Medium
25,80,2,10,6,3,1,22,0,5267,2160,0,1,41.53,Medium
22,213,1,7,5,1,1,22,0,3143,46133,0,1,43.2,Medium
30,347,2,5,2,6,2,22,0,1266,7078,0,1,46.89,Medium
17,108,1,6,7,6,4,22,0,1515,1439,0,1,42.57,Medium
11,150,7,5,4,5,2,22,1,84278,1293,1,-1,63.26,High
12,382,6,6,2,5,3,80,0,8498,1406,0,1,46.43,Medium
12,186,2,5,8,5,1,443,0,7507,1944,0,1,43.93,Medium
21,203,0,5,3,2,0,443,0,3100,1905,0,1,47.29,Medium
15,586,6,7,5,2,4,22,1,742,3493,1,-1,57.31,Medium
14,75,2,10,5,4,0,22,0,4555,5489,0,1,40.74,Medium
18,216,1,5,9,4,4,8080,0,1120,7857,0,-1,55.02,Medium
13,245,2,10,6,6,0,22,0,8255,1432,0,1,42.16,Medium
25,48,5,5,3,4,2,8080,0,2172,7381,0,-1,56.55,Medium
11,466,3,6,3,6,3,22,0,35928,23543,0,-1,54.24,Medium
15,82,4,7,5,4,2,22,0,1442,26371,0,1,39.24,Medium
18,392,5,11,1,5,2,443,0,782,559,0,1,47.76,Medium
17,285,0,8,4,6,1,80,0,9348,9613,0,1,44.11,Medium
24,94,1,8,5,4,3,8080,0,5424,1483,0,-1,53.97,Medium
13,244,1,18,9,4,2,22,0,3164,2980,0,1,48.04,Medium
22,386,4,10,6,0,3,22,0,4207,12822,0,1,44.33,Medium
20,233,2,9,6,2,2,443,0,3336,3455,0,1,41.12,Medium
15,250,5,6,5,7,0,443,0,1478,41185,0,1,46.05,Medium
13,128,2,8,7,3,0,8080,0,2016,5049,0,-1,53.13,Medium
21,346,2,7,10,2,4,22,0,4325,8043,0,1,46.37,Medium
13,170,5,8,7,4,0,22,0,2295,37558,0,1,43.38,Medium
16,240,5,7,5,7,2,22,0,3992,1138,0,1,39.72,Medium
25,58,0,9,9,4,1,443,0,4149,15781,0,1,48.92,Medium
19,205,4,15,8,2,1,80,0,1352,6128,0,1,45.58,Medium
19,168,4,8,7,3,2,80,0,7359,12751,0,1,39.1,Medium
17,58,4,3,5,1,4,22,0,4908,67800,0,1,48.12,Medium
17,435,6,9,4,2,4,22,0,4078,16714,1,1,44.68,Medium
16,302,4,7,5,2,3,22,0,2876,8439,0,1,39.32,Medium
20,455,3,8,7,2,1,22,0,6340,42119,0,1,43.61,Medium
16,138,2,8,4,4,2,22,0,2292,13725,0,1,38.17,Medium
16,342,3,7,6,4,1,22,0,6558,13461,0,1,39.1,Medium
15,348,6,7,5,6,1,443,0,1783,6030,0,1,43.55,Medium
15,230,2,8,3,1,1,80,0,10345,4626,0,1,42.04,Medium
19,260,3,12,7,7,0,22,0,4371,4078,0,1,42.79,Medium
22,148,7,6,7,2,3,80,0,1921,3739,0,1,44.99,Medium
18,165,2,2,4,5,4,22,0,4514,6935,1,1,42.74,Medium
9,89,2,10,4,5,4,22,0,4155,2102,0,1,43.87,Medium
28,398,1,2,7,3,2,22,0,1253,7997,0,1,49.7,Medium
12,112,3,7,9,3,1,22,0,2360,33794,0,1,42.74,Medium
22,165,3,3,7,6,0,443,0,12096,24349,0,1,48.55,Medium
12,100,7,9,8,6,1,443,0,3357,20956,0,1,47.03,Medium
26,176,2,5,6,1,4,22,0,6143,3151,0,1,44.87,Medium
14,47,6,6,4,5,1,22,0,2815,5084,0,1,42.11,Medium
13,130,4,6,8,3,3,80,0,3386,4434,0,1,40.8,Medium
17,360,3,5,8,4,4,22,0,15317,16372,0,1,44.81,Medium
17,375,1,13,4,3,2,22,0,4264,674,0,1,42.86,Medium
13,130,3,12,6,5,3,22,0,559,1071,0,1,41.23,Medium
22,116,3,10,2,2,2,80,0,2032,10581,0,1,41.14,Medium
13,211,2,10,5,6,0,443,0,2959,12530,0,1,43.29,Medium
14,258,3,9,4,4,2,22,0,1229,5623,0,1,38.28,Medium
27,134,2,12,9,2,1,8080,0,1059,10821,0,-1,57.03,Medium
18,194,2,5,9,4,5,22,0,1889,3253,0,1,44.21,Medium
30,175,2,7,9,5,1,22,0,1468,32107,0,1,47.68,Medium
17,134,2,11,2,1,1,80,0,3181,8245,0,1,42.76,Medium
11,205,4,10,5,4,2,22,0,708,7864,0,1,40.28,Medium
27,195,3,7,8,4,1,80,0,1620,13291,0,1,43,Medium
13,158,3,5,5,5,2,8080,0,1239,1034,0,-1,51.38,Medium
24,158,2,8,4,4,4,22,0,2902,4133,0,1,40.76,Medium
28,88,4,10,5,2,2,8080,0,4811,7831,0,-1,55.22,Medium
18,64,6,10,7,2,4,22,0,5997,4391,1,1,44.52,Medium
20,312,2,17,3,3,2,443,0,436,544,1,1,48.98,Medium
18,182,3,7,2,5,1,22,0,1317,39459,1,1,40.99,Medium
13,273,2,5,4,8,3,22,0,3757,58110,0,1,45.36,Medium
20,53,1,7,9,0,0,22,1,4039,8629,0,-1,58.78,Medium
16,336,0,10,3,5,2,22,0,3889,7178,0,1,43.98,Medium
21,178,2,12,4,2,2,22,0,3385,11137,0,1,39.96,Medium
14,282,3,5,5,7,6,22,0,2057,1154,1,1,45.36,Medium
16,195,0,10,5,2,2,22,0,7577,1426,0,1,43.48,Medium
19,165,5,6,8,3,2,22,0,19031,2561,0,1,42.41,Medium
16,292,1,8,7,2,1,443,0,3926,73154,0,1,47.36,Medium
14,299,3,8,6,4,2,80,0,1055,11537,0,1,39.38,Medium
19,307,5,3,3,5,3,22,0,26637,2112,0,-1,50.27,Medium
22,241,3,6,8,5,2,22,0,3883,1916,0,1,40.01,Medium
15,453,2,4,7,5,4,80,0,14936,4955,0,1,46.79,Medium
24,107,0,7,4,2,1,443,0,3454,6159,0,1,45.38,Medium
12,481,2,8,4,7,0,22,0,13756,1488,0,1,46.91,Medium
14,343,6,11,7,4,5,22,0,698,2122,1,1,48.02,Medium
14,105,0,11,3,7,1,80,0,1227,37915,0,1,47.33,Medium
18,806,2,8,5,8,2,22,0,816,1924,0,1,47.16,Medium
11,159,4,10,1,3,3,22,0,2926,9842,0,1,43.44,Medium
15,300,1,6,5,3,6,80,0,1399,78349,0,-1,50.91,Medium
22,241,6,11,4,3,5,22,0,11429,11353,1,1,47.34,Medium
29,214,4,6,11,1,1,22,0,2891,20035,0,-1,50.26,Medium
28,118,2,11,8,6,3,22,0,2877,934,0,1,47.03,Medium
26,83,2,1,4,6,0,22,0,2686,13736,0,1,46.75,Medium
19,281,5,10,11,4,3,22,0,1105,1524,0,1,45.12,Medium
28,148,2,9,6,3,3,22,0,2809,1165,0,1,44.08,Medium
16,178,1,12,6,3,4,22,0,1159,5926,1,1,42.79,Medium
16,134,3,5,4,3,1,22,0,2136,9804,0,1,38.1,Medium
19,229,3,6,8,7,1,22,0,784,10237,0,1,40.64,Medium
23,284,3,9,2,4,1,22,0,5082,3652,0,1,40.45,Medium
19,393,5,11,4,5,1,22,0,1160,14525,1,1,41.62,Medium
18,149,3,11,4,3,2,22,0,933,7228,0,1,38.98,Medium
18,109,4,6,7,4,1,22,0,4018,15148,0,1,39.17,Medium
20,153,4,4,9,8,4,22,0,4353,4525,0,1,45.36,Medium
21,178,0,6,2,3,4,443,0,3568,14733,0,1,47.54,Medium
14,44,7,6,7,5,1,22,1,549,72855,1,-1,59.07,Medium
16,140,3,9,2,3,2,22,0,7827,2007,0,1,40.44,Medium
13,44,4,7,7,4,5,80,0,575,7319,0,1,44.45,Medium
14,757,7,6,3,2,3,22,0,17150,16031,0,-1,52.73,Medium
19,260,2,8,3,4,2,22,0,2797,60070,0,1,41.17,Medium
18,91,3,8,5,3,2,80,0,12784,2130,0,1,39.34,Medium
17,176,6,9,1,4,0,22,0,2993,5253,0,1,44.75,Medium
15,292,2,8,5,5,1,22,0,256,23388,0,1,39.84,Medium
24,117,0,14,3,4,4,22,0,2052,7803,1,1,48.16,Medium
18,411,4,4,4,4,2,8080,0,2897,3156,1,-1,52.17,Medium
17,184,5,8,4,5,2,22,0,7443,12886,0,1,38.96,Medium
15,223,8,2,2,2,3,22,0,13466,13755,1,-1,51.86,Medium
16,293,3,7,5,1,0,8080,0,366,20517,0,-1,55.54,Medium
12,108,3,7,5,4,2,80,0,2176,1513,0,1,39.46,Medium
18,158,2,6,4,2,3,22,0,2658,157363,0,1,45.95,Medium
21,132,5,11,3,3,1,22,0,4485,28342,0,1,42.5,Medium
12,283,3,10,11,1,2,443,0,1727,15662,0,1,48.23,Medium
19,325,3,7,5,1,3,80,0,350,16786,0,1,41.22,Medium
24,128,1,4,2,3,0,80,0,1158,8256,0,1,45.51,Medium
10,129,4,9,4,6,0,80,0,3205,19418,0,1,44.13,Medium
15,433,2,10,5,7,2,22,0,2229,5511,0,1,39.98,Medium
16,70,4,5,6,7,0,443,0,39490,13260,0,-1,53.18,Medium
9,274,5,7,5,0,2,80,0,1238,12409,0,1,46.06,Medium
14,684,3,8,5,5,2,443,0,1314,19261,0,1,45.54,Medium
18,190,4,5,10,3,2,22,0,6598,8159,0,1,41.99,Medium
19,150,1,3,8,4,2,22,0,3622,9142,0,1,42.98,Medium
16,238,1,12,3,7,5,22,0,357,9079,1,1,46.84,Medium
19,173,3,10,8,3,1,22,0,8059,7755,0,1,39.7,Medium
16,269,4,4,7,3,1,22,0,19222,5022,0,1,43.81,Medium
20,197,2,14,7,4,2,22,0,2741,30024,0,1,43.65,Medium
21,32,3,12,4,5,2,22,0,6434,15967,0,1,42.09,Medium
16,112,0,6,6,3,5,80,0,3226,5395,0,1,45.91,Medium
22,132,0,8,6,3,2,443,0,1937,18986,0,1,44.26,Medium
18,146,3,6,3,9,1,22,0,13568,3562,0,1,44.79,Medium
28,234,5,8,8,3,0,80,0,1612,6454,0,1,47.01,Medium
11,345,2,9,3,4,1,80,0,1196,35830,0,1,43.51,Medium
16,253,5,10,5,8,1,8080,0,6621,5082,0,-1,53.94,Medium
14,104,2,7,2,3,2,22,0,7763,176755,0,-1,50.08,Medium
15,312,4,12,4,4,0,443,0,2114,3591,0,1,45.39,Medium
16,172,0,7,2,4,0,443,0,791,35183,0,1,49.77,Medium
21,217,2,11,9,0,1,22,1,2299,38973,0,-1,57.2,Medium
14,160,3,7,2,5,3,22,0,3909,6687,0,1,40.18,Medium
12,260,2,4,6,3,1,22,0,324,671,0,1,41.71,Medium
23,233,3,6,3,5,1,443,0,5027,14380,0,1,41.87,Medium
24,94,3,8,6,8,2,443,0,19873,14344,1,1,47.23,Medium
25,236,3,4,5,2,2,22,1,3462,10935,1,-1,53.48,Medium
15,228,4,11,6,2,2,22,0,2283,25336,0,1,41.06,Medium
17,435,3,6,2,3,0,8080,0,12853,3422,0,-1,55.86,Medium
9,212,6,4,3,1,4,22,0,15659,8337,0,-1,50.5,Medium
15,203,3,7,1,6,1,22,0,2709,20374,0,1,40.66,Medium
19,208,2,11,4,7,0,80,0,2503,10950,0,1,41.34,Medium
12,108,4,11,4,5,2,80,0,4125,70503,0,1,45.32,Medium
16,277,5,13,8,4,1,443,0,1876,30027,0,1,47.19,Medium
17,55,2,4,5,8,2,8080,0,20165,7962,0,-1,57.84,Medium
22,102,2,7,6,2,2,80,0,2651,49998,0,1,41.48,Medium
15,210,2,9,8,3,2,22,1,824,11417,1,-1,52.11,Medium
18,576,2,7,3,7,3,443,0,8505,18045,0,1,46.62,Medium
24,98,3,6,7,2,1,22,0,1055,46202,0,1,43.17,Medium
17,321,1,5,4,2,4,22,0,1287,8639,0,1,42.42,Medium
22,280,0,11,6,1,1,22,1,211,5041,1,-1,57.19,Medium
12,194,2,9,6,5,0,22,0,6458,11270,0,1,41.65,Medium
11,79,5,12,2,4,3,443,1,7804,5127,1,-1,58.46,Medium
10,250,2,5,2,3,1,80,0,3775,5625,0,1,43.85,Medium
22,371,3,5,1,6,2,22,0,7983,1865,0,1,42.69,Medium
32,372,2,6,3,1,1,80,0,4070,679,0,1,48.62,Medium
18,190,5,5,6,5,2,22,0,752,3029,0,1,38.88,Medium
17,252,3,9,13,5,2,22,0,14321,2437,0,1,45.96,Medium
16,166,3,5,5,4,0,80,0,8585,15840,0,1,40.75,Medium
21,236,1,6,2,2,2,22,0,504,5635,0,1,41.68,Medium
24,222,3,7,9,7,1,22,0,946,11926,0,1,42.4,Medium
17,278,4,9,3,2,3,80,0,833,723,0,1,40.53,Medium
17,50,3,11,6,1,2,22,0,2336,14197,0,1,41.82,Medium
25,462,2,11,5,7,1,22,0,791,17101,0,1,43.82,Medium
17,192,3,8,2,5,2,22,0,397,552,0,1,40.1,Medium
19,348,3,8,11,3,2,443,0,1005,2272,0,1,45.56,Medium
21,58,6,5,5,2,1,22,0,1405,8920,0,1,42.12,Medium
18,96,4,7,3,4,2,80,0,1469,5902,0,1,38.49,Medium
22,87,5,3,6,0,0,80,0,4594,75609,0,-1,50.86,Medium
15,114,6,4,4,3,1,80,0,27167,14690,1,1,48.2,Medium
19,214,2,10,6,4,3,80,0,5889,9288,0,1,39.42,Medium
20,223,1,10,8,6,3,22,0,3825,14843,1,1,42.82,Medium
15,281,1,7,2,3,0,22,0,10965,17934,0,1,44.83,Medium
18,264,2,14,4,6,1,22,0,1142,10485,0,1,42.69,Medium
17,174,3,11,8,2,1,22,0,2043,7493,0,1,40.16,Medium
16,51,2,7,2,3,2,80,0,3008,31349,0,1,41.4,Medium
26,777,3,7,7,5,1,22,0,2223,27034,0,1,48.3,Medium
20,292,1,9,2,2,3,443,0,4179,14071,0,1,45.52,Medium
17,150,4,4,7,5,3,22,0,3907,551,0,1,41.12,Medium
18,301,4,8,7,3,1,22,0,14074,250,0,1,42.45,Medium
20,154,3,5,8,3,4,80,0,2237,22105,0,1,42.47,Medium
19,180,4,6,6,4,2,22,0,8779,51366,0,1,41.09,Medium
13,535,2,4,6,5,2,8080,0,26053,4791,0,-1,59.65,Medium
14,94,4,10,2,3,3,22,0,2846,2927,0,1,41.24,Medium
15,134,4,4,6,4,0,22,0,2282,4643,0,1,40.72,Medium
20,26,6,3,3,5,2,443,0,5066,5124,0,1,49,Medium
10,81,1,9,4,4,0,22,0,7064,1457,0,1,45.16,Medium
18,101,7,12,6,4,4,443,0,1383,4287,1,1,47.64,Medium
13,103,3,6,3,5,1,22,0,1039,10929,0,1,39.64,Medium
9,207,5,7,5,3,2,22,0,5966,13957,0,1,41.89,Medium
32,179,2,7,5,5,3,22,0,5776,43025,0,1,46.76,Medium
14,223,2,10,7,7,2,80,0,1998,7604,0,1,39.57,Medium
18,167,2,18,9,8,4,80,0,5491,9519,0,-1,51.5,Medium
16,218,1,10,3,8,2,80,0,13713,1699,0,1,44.69,Medium
12,192,2,9,10,5,1,80,0,853,8888,0,1,42.82,Medium
8,275,4,5,5,10,1,22,0,1349,9687,0,1,46.81,Medium
16,102,1,7,4,5,3,80,0,4824,11232,0,1,41.07,Medium
19,166,4,6,1,6,3,22,0,3285,1072,0,1,41.66,Medium
21,238,1,8,9,5,1,22,0,1038,819,0,1,42.2,Medium
14,265,6,8,7,1,3,22,0,383,4354,0,1,43.97,Medium
8,293,5,9,6,10,1,443,0,2329,21800,0,1,48.97,Medium
23,26,3,9,7,4,2,22,0,8247,8342,1,1,40.96,Medium
14,275,5,9,3,0,0,22,0,1182,7551,0,1,45.45,Medium
21,377,3,9,7,4,3,22,0,404,3038,1,1,41.26,Medium
14,679,4,8,1,6,1,22,0,4642,16051,0,1,46.92,Medium
17,828,2,10,7,4,2,80,0,1414,10224,0,1,46.33,Medium
23,446,5,6,4,4,2,22,0,8466,7571,0,1,41.1,Medium
21,197,1,5,6,4,4,80,0,5882,9877,0,1,42.51,Medium
26,186,0,10,3,7,5,22,0,5358,1723,0,1,49.62,Medium
15,92,1,8,3,6,1,8080,0,1311,13792,1,-1,53.62,Medium
22,376,6,9,3,1,1,80,0,3798,11442,1,1,44.79,Medium
16,120,0,6,7,3,3,22,0,8423,9355,0,1,44.17,Medium
19,103,4,6,3,1,1,22,0,1377,10279,0,1,40.26,Medium
23,79,2,4,6,2,2,22,0,1080,19002,0,1,40.5,Medium
17,80,5,4,1,3,4,443,0,1865,48793,1,1,48.72,Medium
18,106,1,9,2,4,1,22,0,514,11369,0,1,41.45,Medium
13,281,4,17,6,4,1,22,0,2005,6830,1,1,44.85,Medium
15,149,2,9,2,4,3,22,0,2943,9322,0,1,40.14,Medium
16,218,4,7,9,6,3,22,0,6440,14245,0,1,41.88,Medium
13,171,3,8,3,5,1,22,0,5654,4736,0,1,39.26,Medium
20,210,3,9,4,3,2,22,0,4050,3103,1,1,37.89,Medium
28,86,5,9,6,3,2,22,0,5542,12080,0,1,43.49,Medium
19,118,2,9,3,5,2,443,0,7678,1756,0,1,41.99,Medium
15,132,3,3,2,2,2,22,0,1092,929,0,1,42.32,Medium
13,74,2,10,10,7,0,22,0,2140,6308,0,1,44.28,Medium
10,488,3,11,7,3,1,22,0,2810,2767,0,1,45.23,Medium
20,130,2,3,3,2,4,22,0,13780,11271,0,1,44.55,Medium
21,445,3,5,3,5,3,22,0,701,9846,0,1,41.33,Medium
13,165,3,10,6,7,3,80,0,16281,30095,1,1,44.11,Medium
18,62,4,11,7,3,5,443,0,1294,939,1,1,46.86,Medium
9,213,2,11,7,2,0,22,0,456,2194,0,1,45.78,Medium
15,307,2,11,4,6,2,22,0,1750,4660,0,1,39.79,Medium
13,876,9,6,3,3,2,22,0,702,32777,0,-1,54.08,Medium
12,129,2,9,11,3,2,22,0,3201,15939,0,1,43.4,Medium
17,55,2,2,3,3,4,443,0,4768,7499,0,1,46.22,Medium
19,315,3,10,6,2,2,80,0,695,1296,0,1,40.37,Medium
21,124,3,9,5,5,3,22,0,4475,6852,1,1,38.44,Medium
21,131,2,8,5,3,1,22,0,7055,1208,0,1,38.62,Medium
19,112,2,11,6,3,2,22,0,1109,967,0,1,40.05,Medium
16,257,3,6,9,1,5,80,0,1586,1081,0,1,46.32,Medium
15,130,1,9,4,7,1,22,0,1497,53285,0,1,43.28,Medium
20,78,5,8,7,4,1,22,0,1094,4345,0,1,40.03,Medium
7,45,5,3,4,5,0,80,0,15028,42549,0,-1,52.93,Medium
17,241,4,12,4,1,1,22,0,1828,7840,1,1,40.91,Medium
15,539,4,8,9,2,1,80,0,30055,1861,0,-1,52.23,Medium
18,245,6,6,7,4,5,22,0,2125,15479,0,1,45.27,Medium
21,326,4,10,6,3,1,80,0,14641,13995,0,1,41.67,Medium
17,255,2,11,3,5,3,8080,0,2573,5149,0,-1,53,Medium
26,171,4,8,5,6,0,22,0,885,19476,0,1,42.88,Medium
21,165,1,13,1,6,3,22,0,548,13125,0,1,46.74,Medium
16,121,2,9,4,3,2,22,1,3369,26736,1,-1,51.74,Medium
22,143,4,7,3,3,2,22,0,9151,11495,0,1,39.04,Medium
20,170,5,9,4,5,1,443,0,1465,5997,0,1,41.29,Medium
22,141,5,8,6,3,0,22,0,35198,6366,0,1,48.15,Medium
15,187,3,9,6,5,2,22,0,2621,9199,1,1,37.88,Medium
20,81,3,7,5,11,1,22,0,1149,8609,1,1,43.61,Medium
22,238,2,9,4,3,2,80,0,1630,1319,0,1,39.1,Medium
20,123,2,18,4,4,0,22,0,5896,33037,0,1,47.92,Medium
18,66,0,12,2,2,0,22,0,2315,6381,0,1,47.12,Medium
17,638,6,9,2,1,0,22,0,2719,1657,0,1,49.45,Medium
16,319,3,9,3,7,2,443,0,77,7684,0,1,43.86,Medium
15,92,2,6,6,3,0,22,1,9289,7374,0,-1,53.69,Medium
